condition,fly_id,choice,chose_b,odor_b_side,latency_s,distance,completed,weight_a,weight_b,random_seed
untrained,0,B,True,right,19.200000000000003,2.184279841546598,True,0.0,0.0,7993770517160411898
untrained,1,B,True,right,15.15,2.116694120200387,True,0.0,0.0,14351987158862774181
untrained,2,B,True,right,19.8,2.584232274578132,True,0.0,0.0,1408669183056500220
untrained,3,B,True,left,17.5,2.095011931879403,True,0.0,0.0,5416524696524650381
untrained,4,A,False,right,21.0,2.356874518176894,False,0.0,0.0,17888109661443637273
untrained,5,B,True,left,20.700000000000003,2.166964169829728,True,0.0,0.0,7667705076967746173
untrained,6,B,True,right,21.0,2.6918873501484755,False,0.0,0.0,9435414233494513159
untrained,7,A,False,left,18.8,2.7527566151134386,True,0.0,0.0,2649362941902182375
untrained,8,B,True,right,18.75,2.232182532552983,True,0.0,0.0,2227627075296856198
untrained,9,B,True,left,21.0,2.561889223947319,False,0.0,0.0,3896872465580916856
untrained,10,B,True,right,17.900000000000002,2.318706116629842,True,0.0,0.0,10500971100240428023
untrained,11,A,False,right,18.75,2.3940935962389824,True,0.0,0.0,1553289329212772792
untrained,12,B,True,left,18.3,2.164733234466983,True,0.0,0.0,17512775251691789973
untrained,13,A,False,right,19.950000000000003,2.357866119351689,True,0.0,0.0,15997733722292339216
untrained,14,B,True,right,19.75,2.56190936890465,True,0.0,0.0,13523492921310892264
untrained,15,B,True,left,15.450000000000001,2.163421691851558,True,0.0,0.0,5806456244392780700
untrained,16,B,True,right,15.75,2.3033609699882223,True,0.0,0.0,17355215211144980948
untrained,17,A,False,right,17.55,2.3831618708212776,True,0.0,0.0,2715357044565962521
untrained,18,B,True,left,21.0,2.920444134717709,False,0.0,0.0,14037020131631184605
untrained,19,B,True,right,18.0,2.5467835006894908,True,0.0,0.0,1447070353875454305
untrained,20,B,True,right,18.8,2.6882681374132207,True,0.0,0.0,10100438002629263432
untrained,21,B,True,right,21.0,2.376016866323557,False,0.0,0.0,3451244195206904794
untrained,22,A,False,right,20.950000000000003,2.875321269300711,True,0.0,0.0,5485697826164310421
untrained,23,B,True,right,19.5,2.546550805193448,True,0.0,0.0,1252920390433794239
untrained,24,A,False,right,16.75,2.153261921450749,True,0.0,0.0,11975478391673797545
untrained,25,A,False,right,21.0,2.4671196227872767,False,0.0,0.0,13583390642557192817
untrained,26,A,False,right,21.0,2.6141553902862658,False,0.0,0.0,7335920283221469741
untrained,27,B,True,left,21.0,2.8949697774856764,False,0.0,0.0,11826796648456026647
untrained,28,A,False,right,18.25,2.4364794718257214,True,0.0,0.0,16675445358859029563
untrained,29,A,False,right,21.0,2.7103582365496663,False,0.0,0.0,13898463057293917521
untrained,30,A,False,left,18.95,2.477814869506521,True,0.0,0.0,956231504393824424
untrained,31,A,False,left,21.0,2.9947271694108104,False,0.0,0.0,8825237962060330036
untrained,32,B,True,right,21.0,2.601148244776336,False,0.0,0.0,4032658159657542301
untrained,33,A,False,left,20.75,2.629444661419398,True,0.0,0.0,7519722546739729931
untrained,34,B,True,left,20.0,2.7928227480851966,True,0.0,0.0,3971085974406902826
untrained,35,B,True,left,21.0,2.695493261981473,False,0.0,0.0,17520950307134219780
untrained,36,A,False,right,16.2,2.0894534119608403,True,0.0,0.0,1580162515968331731
untrained,37,B,True,right,21.0,2.640629845918963,False,0.0,0.0,2815179218965718148
untrained,38,B,True,left,17.0,2.2307312490207076,True,0.0,0.0,6775751408798344928
untrained,39,A,False,left,21.0,2.412580448856069,False,0.0,0.0,15444270547066493172
untrained,40,A,False,right,16.25,2.1837938531693264,True,0.0,0.0,8211460715257942128
untrained,41,B,True,right,19.5,2.323609805657958,True,0.0,0.0,16569429489197362078
untrained,42,B,True,right,18.2,2.174675885353246,True,0.0,0.0,13111043041332251492
untrained,43,A,False,right,19.950000000000003,2.6621611941081453,True,0.0,0.0,1868312174348653212
untrained,44,A,False,right,20.8,2.9504999482756404,True,0.0,0.0,13381152956227155133
untrained,45,B,True,right,15.600000000000001,2.177879240331973,True,0.0,0.0,14308607611818073560
untrained,46,A,False,left,14.0,2.0973972430601777,True,0.0,0.0,236603802147554452
untrained,47,A,False,right,16.0,2.1508619170941246,True,0.0,0.0,17370385368337704962
untrained,48,A,False,right,21.0,2.728347624916232,False,0.0,0.0,14366655754896575303
untrained,49,B,True,left,18.35,2.383923264246109,True,0.0,0.0,12769989126211877918
untrained,50,B,True,left,17.3,2.2268902553092675,True,0.0,0.0,6033118685847268236
untrained,51,B,True,right,18.7,2.333784684362694,True,0.0,0.0,14516101348472783951
untrained,52,A,False,left,18.3,2.4767604056273878,True,0.0,0.0,11924421560704189214
untrained,53,A,False,right,18.3,2.251853592136728,True,0.0,0.0,14954700525850141378
untrained,54,A,False,left,20.25,2.563097647457424,True,0.0,0.0,11366486570758153347
untrained,55,B,True,left,17.900000000000002,2.271815122002425,True,0.0,0.0,17671316932321186454
untrained,56,B,True,left,20.900000000000002,2.9547948448679424,True,0.0,0.0,12953931146510191156
untrained,57,A,False,left,16.45,2.1908480725602923,True,0.0,0.0,13906593792363532613
untrained,58,A,False,left,21.0,2.6815510343463647,False,0.0,0.0,10390543501723875264
untrained,59,B,True,left,16.5,2.1530480052975456,True,0.0,0.0,1501065060302566958
untrained,60,B,True,right,17.25,2.193870321449181,True,0.0,0.0,7790072174950460358
untrained,61,A,False,right,15.25,2.0876262927827276,True,0.0,0.0,2305143063111521832
untrained,62,A,False,right,19.700000000000003,2.4227352314828505,True,0.0,0.0,11760842618231369342
untrained,63,B,True,left,21.0,3.07663365321658,False,0.0,0.0,16535325044774568315
untrained,64,B,True,right,16.0,2.0945582283466857,True,0.0,0.0,8463967512782265558
untrained,65,A,False,right,17.900000000000002,2.1705938114901158,True,0.0,0.0,7893402392441194802
untrained,66,A,False,right,21.0,2.116862458050931,False,0.0,0.0,7287332589393589429
untrained,67,B,True,left,17.5,2.1884187906286194,True,0.0,0.0,17950198403752669731
untrained,68,A,False,right,21.0,2.6713764464282885,False,0.0,0.0,14638304689081304938
untrained,69,A,False,left,21.0,2.4814333993296502,False,0.0,0.0,13848663046385014473
untrained,70,B,True,left,21.0,2.6424814256176883,False,0.0,0.0,4517697189298391147
untrained,71,A,False,left,21.0,2.824709699882243,False,0.0,0.0,6809897652000706414
untrained,72,B,True,right,21.0,2.721579889018957,False,0.0,0.0,13309200162411255227
untrained,73,A,False,left,20.400000000000002,2.2188406492148918,True,0.0,0.0,11298077181303302541
untrained,74,A,False,right,16.8,2.2384731942351856,True,0.0,0.0,15898940932318704249
untrained,75,A,False,right,17.25,2.1354193440527967,True,0.0,0.0,9446288095217820760
untrained,76,B,True,right,16.7,2.3210374942291043,True,0.0,0.0,4444792118107910387
untrained,77,A,False,left,18.150000000000002,2.295283446136076,True,0.0,0.0,11760665455445447708
untrained,78,B,True,left,21.0,2.919280323269045,True,0.0,0.0,14433734879606093702
untrained,79,B,True,right,16.900000000000002,2.2950143380319563,True,0.0,0.0,11962034097135361614
untrained,80,A,False,left,18.6,2.2276602226977844,True,0.0,0.0,14103454093138830682
untrained,81,B,True,right,19.0,2.2534957155763813,True,0.0,0.0,3058341069101028362
untrained,82,B,True,left,16.900000000000002,2.194739790796949,True,0.0,0.0,11411710776944133530
untrained,83,B,True,right,18.05,2.284636074204578,True,0.0,0.0,13117206741551801042
untrained,84,A,False,left,21.0,2.661472241776397,False,0.0,0.0,14236934920450891451
untrained,85,A,False,left,20.75,3.1464062820221916,True,0.0,0.0,13916725323814105022
untrained,86,A,False,right,17.150000000000002,2.364507564288835,True,0.0,0.0,9253627011374872714
untrained,87,B,True,left,18.150000000000002,2.2902932543378225,True,0.0,0.0,13552461229655566480
untrained,88,A,False,left,20.35,2.34832824126972,True,0.0,0.0,12129751842302357015
untrained,89,B,True,left,18.650000000000002,2.30701659203222,True,0.0,0.0,6360286531953877710
untrained,90,B,True,right,20.900000000000002,2.1927203377341136,True,0.0,0.0,5776064459381413560
untrained,91,B,True,left,19.650000000000002,2.55301362228027,True,0.0,0.0,5846413138666010294
untrained,92,A,False,right,21.0,2.832480017940673,False,0.0,0.0,14591664326012872872
untrained,93,B,True,right,20.950000000000003,2.6522642201488114,True,0.0,0.0,366291758735177781
untrained,94,A,False,left,15.4,2.2322159937619186,True,0.0,0.0,9292886191625711453
untrained,95,A,False,left,17.6,2.4013399443219163,True,0.0,0.0,17642120095061439599
untrained,96,B,True,right,15.350000000000001,2.1519519969090384,True,0.0,0.0,1452634000387300855
untrained,97,B,True,right,19.75,2.607231970796049,True,0.0,0.0,3224021166973683626
untrained,98,A,False,right,21.0,2.8807039373260492,True,0.0,0.0,17126459891022568136
untrained,99,B,True,left,21.0,2.7489977187140116,False,0.0,0.0,14192112519789299517
paired,0,B,True,left,18.400000000000002,2.3343926103121215,True,0.0,0.893941048,16602594785676215480
paired,1,B,True,left,16.400000000000002,2.2295401551854894,True,0.0,0.893941048,14845226843314568174
paired,2,B,True,right,18.85,2.2390670125328485,True,0.0,0.893941048,16202474290889111654
paired,3,B,True,right,15.350000000000001,2.207605462650541,True,0.0,0.893941048,11431966289573786852
paired,4,B,True,left,18.55,2.3143527965106996,True,0.0,0.893941048,9181303691843443353
paired,5,B,True,left,18.150000000000002,2.368454596752673,True,0.0,0.893941048,2786711696687395975
paired,6,B,True,left,18.2,2.291223583489054,True,0.0,0.893941048,10281308490766323781
paired,7,B,True,right,16.85,2.1370227242505657,True,0.0,0.893941048,8900827875009446846
paired,8,B,True,left,16.85,2.3756300942678488,True,0.0,0.893941048,1973242098055787001
paired,9,B,True,left,18.35,2.223772573650121,True,0.0,0.893941048,7670285943103047154
paired,10,B,True,left,18.05,2.1133691007821542,True,0.0,0.893941048,11201209933315035376
paired,11,B,True,left,17.900000000000002,2.2011256406360236,True,0.0,0.893941048,8610458728404607396
paired,12,B,True,right,17.55,2.1477519172479567,True,0.0,0.893941048,2375385363273647137
paired,13,B,True,left,17.8,2.2340686346794922,True,0.0,0.893941048,981885059993468548
paired,14,B,True,left,16.25,2.228409227015408,True,0.0,0.893941048,7600433402987605628
paired,15,B,True,right,17.7,2.221403690075606,True,0.0,0.893941048,13253900903732007863
paired,16,B,True,right,15.8,2.172857067638464,True,0.0,0.893941048,12345652654160297521
paired,17,B,True,left,20.0,2.272976994094153,True,0.0,0.893941048,3704147111047221594
paired,18,B,True,right,18.1,2.3012213821175056,True,0.0,0.893941048,11131921651269606358
paired,19,B,True,left,18.7,2.171753597995633,True,0.0,0.893941048,4611090833453546871
paired,20,B,True,left,17.150000000000002,2.1284407500847315,True,0.0,0.893941048,17515524340211383343
paired,21,B,True,left,16.650000000000002,2.2396134829465133,True,0.0,0.893941048,9897623448411995698
paired,22,B,True,left,17.150000000000002,2.107250877970253,True,0.0,0.893941048,18079874976658378345
paired,23,B,True,right,16.85,2.2816320631898623,True,0.0,0.893941048,16048485099602917527
paired,24,B,True,right,17.45,2.325316437075903,True,0.0,0.893941048,1726259840330518605
paired,25,B,True,right,16.55,2.1608681706914727,True,0.0,0.893941048,3544841710583262875
paired,26,B,True,left,16.650000000000002,2.243151528828827,True,0.0,0.893941048,828263001218212363
paired,27,B,True,right,16.650000000000002,2.12239513870412,True,0.0,0.893941048,8685842461156227053
paired,28,B,True,right,16.35,2.2104953189583596,True,0.0,0.893941048,17333678764022249875
paired,29,B,True,right,18.5,2.368637434069686,True,0.0,0.893941048,9058646476447267692
paired,30,B,True,right,19.85,2.3555667416729915,True,0.0,0.893941048,9184501251967200635
paired,31,B,True,right,15.850000000000001,2.1098471035214783,True,0.0,0.893941048,5214623415586067563
paired,32,B,True,left,14.3,2.075151998984548,True,0.0,0.893941048,1686667651034166005
paired,33,B,True,right,21.0,1.7773737647752852,False,0.0,0.893941048,473704770457458821
paired,34,B,True,left,17.150000000000002,2.280002953941791,True,0.0,0.893941048,1409677496807663173
paired,35,B,True,right,18.2,2.189198530722957,True,0.0,0.893941048,12060206785973794369
paired,36,B,True,right,17.3,2.2946725325642454,True,0.0,0.893941048,7450135775944392320
paired,37,B,True,left,18.650000000000002,2.359919952318226,True,0.0,0.893941048,13554606665200169116
paired,38,B,True,left,21.0,2.2416096453115153,False,0.0,0.893941048,12558361442995330586
paired,39,B,True,right,17.45,2.0717925693547783,True,0.0,0.893941048,8937737290434368329
paired,40,B,True,left,18.25,2.3160921816734126,True,0.0,0.893941048,5224888771856653578
paired,41,B,True,right,19.450000000000003,2.225876407889052,True,0.0,0.893941048,4585316720409325477
paired,42,B,True,left,15.350000000000001,2.197975126769076,True,0.0,0.893941048,3789971399404313686
paired,43,B,True,right,19.650000000000002,2.217144844235911,True,0.0,0.893941048,10687319911480645469
paired,44,B,True,right,21.0,2.1363694220820713,False,0.0,0.893941048,5917073311143622113
paired,45,B,True,right,17.3,2.20159107424322,True,0.0,0.893941048,1617745965600182448
paired,46,B,True,right,17.650000000000002,2.2565140018137844,True,0.0,0.893941048,3049341788450203582
paired,47,B,True,right,16.0,2.134562261450005,True,0.0,0.893941048,12908857692461806068
paired,48,B,True,left,21.0,2.1407840119602106,False,0.0,0.893941048,6248012175455339231
paired,49,B,True,right,18.3,2.164486770653284,True,0.0,0.893941048,1066111462966999955
paired,50,B,True,left,20.5,2.281558903947903,True,0.0,0.893941048,5155986028469057036
paired,51,B,True,right,16.150000000000002,2.210370895923538,True,0.0,0.893941048,1947373060000669441
paired,52,B,True,right,16.400000000000002,2.140943546640957,True,0.0,0.893941048,6740729458247299701
paired,53,B,True,right,20.8,2.3079454705590883,True,0.0,0.893941048,10814402551325381334
paired,54,B,True,right,17.6,2.145839883551393,True,0.0,0.893941048,7451784316150687819
paired,55,B,True,left,15.700000000000001,2.2067290584972308,True,0.0,0.893941048,5484849919824585339
paired,56,B,True,left,17.1,2.146424409046328,True,0.0,0.893941048,1051447122812520933
paired,57,B,True,left,18.75,2.2183365365463685,True,0.0,0.893941048,7144280601716893647
paired,58,B,True,left,20.75,2.434208641411749,True,0.0,0.893941048,3997635544457138178
paired,59,B,True,left,19.05,2.3260294893163365,True,0.0,0.893941048,15981789674161263335
paired,60,B,True,right,20.150000000000002,2.2887222060926975,True,0.0,0.893941048,9843201043402837908
paired,61,B,True,left,17.85,2.233114832850879,True,0.0,0.893941048,16779891357412269493
paired,62,B,True,right,20.25,2.1566242986742274,True,0.0,0.893941048,14586268933963385426
paired,63,B,True,left,17.5,2.2873572653732697,True,0.0,0.893941048,7324889000142171922
paired,64,B,True,left,21.0,2.2224512832008085,False,0.0,0.893941048,16646428008537813812
paired,65,B,True,left,16.3,2.279754173513124,True,0.0,0.893941048,8878969219894094446
paired,66,B,True,left,18.2,2.3166560654563213,True,0.0,0.893941048,6049677530118019694
paired,67,B,True,left,15.15,2.218447934842543,True,0.0,0.893941048,14814607355949958633
paired,68,B,True,right,19.55,2.1970258761634707,True,0.0,0.893941048,5928708819605869762
paired,69,B,True,right,19.05,2.1702081017552803,True,0.0,0.893941048,4431213594336862938
paired,70,B,True,left,19.200000000000003,2.253433395736792,True,0.0,0.893941048,3795267950493036257
paired,71,B,True,left,17.400000000000002,2.2701538214952293,True,0.0,0.893941048,11861430707658583943
paired,72,B,True,left,18.400000000000002,2.2587467401216044,True,0.0,0.893941048,3017312014981980352
paired,73,B,True,left,17.8,2.169839328206153,True,0.0,0.893941048,16158089825948526269
paired,74,B,True,left,16.6,2.1182041474663267,True,0.0,0.893941048,15227925146005207162
paired,75,B,True,right,18.3,2.2556159734532057,True,0.0,0.893941048,7398401011500702773
paired,76,B,True,left,19.0,2.1953269055128244,True,0.0,0.893941048,14174336998453800652
paired,77,B,True,left,17.25,2.327637227928132,True,0.0,0.893941048,10977658105784587982
paired,78,B,True,right,19.35,2.145843796490114,True,0.0,0.893941048,7876217483267139534
paired,79,B,True,right,19.75,2.364153501161654,True,0.0,0.893941048,14213627766018722585
paired,80,B,True,left,18.1,2.197331900304823,True,0.0,0.893941048,9005178702209824447
paired,81,B,True,left,20.35,2.382114729588191,True,0.0,0.893941048,9881896964626259939
paired,82,B,True,left,16.05,2.279108578743993,True,0.0,0.893941048,2087444706812716008
paired,83,B,True,right,16.55,2.271547487934073,True,0.0,0.893941048,4516854640000401246
paired,84,B,True,right,18.150000000000002,2.2144651562597133,True,0.0,0.893941048,13570312370456371289
paired,85,B,True,left,21.0,2.4393143414285814,False,0.0,0.893941048,13078263041812499430
paired,86,B,True,right,16.7,2.213236492519774,True,0.0,0.893941048,6073769656442106883
paired,87,B,True,left,21.0,2.2479871025191587,False,0.0,0.893941048,3369654195849174563
paired,88,B,True,left,15.8,2.197187986648011,True,0.0,0.893941048,1693626821935568780
paired,89,B,True,left,19.0,2.2520658601450303,True,0.0,0.893941048,220658525258112820
paired,90,B,True,right,15.75,2.12184530922865,True,0.0,0.893941048,10853839663259495139
paired,91,B,True,left,19.25,2.2480993669121316,True,0.0,0.893941048,6310842815298000524
paired,92,B,True,right,19.900000000000002,2.2042692470497762,True,0.0,0.893941048,17296625986831975786
paired,93,B,True,left,13.9,2.183263488770197,True,0.0,0.893941048,12251732090514767212
paired,94,B,True,left,18.2,2.3819027151737693,True,0.0,0.893941048,1782584364640933580
paired,95,B,True,left,17.0,2.2603180541372314,True,0.0,0.893941048,565140518405068817
paired,96,B,True,right,20.3,2.2535291870683425,True,0.0,0.893941048,2859050489934283015
paired,97,B,True,right,16.7,2.176893668752215,True,0.0,0.893941048,2940842642902318875
paired,98,B,True,right,16.6,2.136831024264438,True,0.0,0.893941048,8868120851371070413
paired,99,B,True,left,18.6,2.0738486274992325,True,0.0,0.893941048,16598889010515339980
unpaired,0,A,False,right,21.0,2.2078925760748223,False,0.38145551140285083,0.39342530960609445,303958152840581829
unpaired,1,B,True,left,21.0,2.579946595377766,False,0.3898732383957396,0.38489087095680163,7390130605661587845
unpaired,2,A,False,right,18.0,2.0957889354752757,True,0.4010892350218846,0.37349635540171033,8750484797404701624
unpaired,3,A,False,left,21.0,2.99189952000905,False,0.37803883013943906,0.3966837743946161,12623234075185647810
unpaired,4,B,True,right,16.75,2.361074299956945,True,0.3733966189638557,0.40130105388000675,12834755849407823576
unpaired,5,B,True,right,16.900000000000002,2.2226004581759358,True,0.3760190602686281,0.39879789989354264,2887971104530417754
unpaired,6,A,False,right,21.0,2.5218673909440255,False,0.37710971380611186,0.39753372813555987,14134263800118843614
unpaired,7,B,True,right,17.8,2.146483762551151,True,0.3491112053157666,0.42460765246882975,8902971820929827435
unpaired,8,B,True,right,16.1,2.2751756524077216,True,0.3933570182509809,0.38138391368468727,10255539508236649260
unpaired,9,A,False,left,21.0,2.5318865639331816,False,0.38216792737580496,0.3924737102260386,10724954256943986390
unpaired,10,B,True,right,18.900000000000002,2.3871800818643147,True,0.4054853014025608,0.369200874133085,18440849389792026806
unpaired,11,B,True,right,20.950000000000003,2.803766995916042,True,0.38563917267034614,0.38906072804295644,6241722524116165441
unpaired,12,B,True,left,21.0,2.951482516213342,False,0.3655614694541831,0.4089681373466454,6529201775910284113
unpaired,13,A,False,left,15.350000000000001,2.0914284430576338,True,0.4108720318173771,0.36355625925008056,10004655837866458640
unpaired,14,A,False,left,18.650000000000002,2.223769832718019,True,0.3554426044673467,0.41862583117625995,2875032225070457557
unpaired,15,A,False,right,21.0,2.8383851360897183,False,0.3832041111872424,0.3914688690141406,4363173809760342460
unpaired,16,A,False,left,20.35,2.299626701210104,True,0.40946210923179593,0.36496596255298885,2478335096062303141
unpaired,17,A,False,right,15.3,2.0770437642460298,True,0.4031650778314623,0.37156933803898906,1807367596312799863
unpaired,18,B,True,right,17.75,2.287520026849197,True,0.3630483365540836,0.4117119954791807,2832455427087186408
unpaired,19,B,True,right,18.05,2.724238782364506,True,0.38491663199155,0.389818071928701,5668680385352414968
unpaired,20,A,False,right,13.600000000000001,2.1383483106524963,True,0.41368685550639184,0.3609447172783733,15789869195203508545
unpaired,21,A,False,left,15.55,2.1155795860442925,True,0.393214907470224,0.38148806368873434,7399010307875149699
unpaired,22,B,True,right,16.6,2.4130191560441303,True,0.4023576791509487,0.3720662529308358,3044934604073700597
unpaired,23,A,False,left,19.6,2.296606246083031,True,0.3819861600092354,0.39284051255992614,9771455712206328920
unpaired,24,A,False,left,19.25,2.595846711995788,True,0.39474195971404924,0.37987223221344735,13236103696144245569
unpaired,25,B,True,left,21.0,2.311146794466732,False,0.4018602859094965,0.3732821513695027,8469144892821939486
unpaired,26,B,True,right,21.0,2.39338620399277,False,0.3823555395436931,0.39229166019350625,6651038844411693377
unpaired,27,B,True,right,19.3,2.777925427502448,True,0.35392527572523425,0.420269035790544,18293182064903737414
unpaired,28,B,True,right,21.0,2.6378135334978814,False,0.37027901359393156,0.40428884692422684,14081697827938610782
unpaired,29,B,True,right,21.0,3.0676056764711075,False,0.3903699994282722,0.38463776858454907,10332250859421555481
unpaired,30,B,True,right,18.05,2.0842026446686437,True,0.4008596227458727,0.3744026972700196,11225447001214959490
unpaired,31,B,True,right,21.0,2.3753492355027377,False,0.3951314453990372,0.37948622026764983,8141063389753892074
unpaired,32,A,False,right,17.900000000000002,2.4703441379283464,True,0.36605501647419203,0.4085886541373361,2196902211210584984
unpaired,33,B,True,right,14.350000000000001,2.1265569699902054,True,0.3740289761177922,0.40090558580661045,10859335430708966316
unpaired,34,A,False,right,21.0,2.863810223229594,False,0.4009483020690108,0.37434330531906823,8730796392027591112
unpaired,35,A,False,right,21.0,2.831550692802818,False,0.39338590146129404,0.38128780501884063,11244018156678681265
unpaired,36,B,True,right,16.7,2.2602380321252635,True,0.4172013971125994,0.3569297428410265,4276327514687775576
unpaired,37,B,True,left,18.55,2.3703660415813887,True,0.37869426421934094,0.39610582176846265,82118468230734067
unpaired,38,B,True,right,21.0,2.265651149686778,False,0.3493941004917603,0.42435678828510653,1307840135067573380
unpaired,39,B,True,right,13.8,2.1188768295454725,True,0.36059740063337076,0.4139178189597283,18285360379460168007
unpaired,40,B,True,left,19.75,2.5344228915692097,True,0.3637800998866253,0.41040895496559926,3280865901476732512
unpaired,41,A,False,left,19.400000000000002,2.2938046636711684,True,0.40229256515872996,0.37268555415100907,3574485525656721703
unpaired,42,A,False,right,16.55,2.3481591026850746,True,0.4078155313159794,0.36668407666603486,11088664230680123695
unpaired,43,B,True,left,21.0,2.5835892713966713,False,0.38235596298135477,0.3928133402576717,4291748541072567068
unpaired,44,B,True,right,15.15,2.3326219744518837,True,0.37107140864431143,0.4038862885101411,12590963839986727048
unpaired,45,B,True,left,19.700000000000003,2.120620522143103,True,0.4176172798913982,0.35651982186965614,4011495451885270350
unpaired,46,B,True,left,21.0,2.837516925121322,False,0.3723197618970772,0.40255521971256836,9509289841607201373
unpaired,47,B,True,left,17.55,2.0954284284064717,True,0.37274891499305174,0.40205476397233697,2060031730492995387
unpaired,48,A,False,left,21.0,2.449245895041693,False,0.36810638278574664,0.4069846145633593,3434660782379644136
unpaired,49,B,True,right,19.55,2.14587688535232,True,0.3826373977986225,0.3921366574095484,6325340818472833104
unpaired,50,B,True,right,21.0,2.5889304035134417,False,0.3969201424118646,0.3780089206635301,7174131621205497719
unpaired,51,B,True,left,21.0,2.254269376301489,False,0.39861049614513566,0.37638847270301967,10216738188129100555
unpaired,52,A,False,right,21.0,2.680511285698587,False,0.3919164959616982,0.3829785860808928,13563779461698957673
unpaired,53,A,False,right,16.8,2.101026029941784,True,0.3638351482213743,0.4106898328309966,7962351748882193795
unpaired,54,B,True,right,21.0,2.841244756341908,False,0.37311066368337087,0.40146643513946323,11728183622990243160
unpaired,55,A,False,right,20.450000000000003,2.5477894477967773,True,0.39529114865661963,0.37941348330175473,16641620072680845665
unpaired,56,B,True,left,21.0,2.618692283097241,False,0.3848269774220786,0.390004524693108,1897416540357161532
unpaired,57,B,True,left,21.0,2.3750319449277226,False,0.3828506738398621,0.3918153618838318,6678778005138745258
unpaired,58,B,True,left,14.200000000000001,2.14495787015756,True,0.40133901926656657,0.3732332339613482,10392594539577037617
unpaired,59,A,False,right,16.85,2.247467029301798,True,0.3836691423812125,0.39105339279464335,15517840497100326309
unpaired,60,A,False,left,20.35,2.331192265134215,True,0.39491008839344716,0.37978458517199115,17612663035681473218
unpaired,61,B,True,left,17.150000000000002,2.249040073516205,True,0.37840564215536404,0.39640734757542045,11295458063946326327
unpaired,62,A,False,right,21.0,2.550424013500227,False,0.381122140103079,0.3936956076449655,7890627158144631495
unpaired,63,A,False,right,16.2,2.187970845360092,True,0.40277652499152305,0.3716444217608958,17392810476062360840
unpaired,64,B,True,left,21.0,2.310838264198707,False,0.3815399674987605,0.3933969924165601,10133269172248452498
unpaired,65,B,True,left,21.0,2.19506681108053,False,0.3866439635691906,0.3881842736564145,4124957120372739806
unpaired,66,A,False,right,16.45,2.18159809597835,True,0.41149391681464387,0.3630575478797853,9510620911445684460
unpaired,67,B,True,right,21.0,2.3952536621045812,False,0.419450456367522,0.3545038436648813,14121512922371543810
unpaired,68,B,True,left,16.35,2.1614081509401903,True,0.40909465745254614,0.36557859348325167,1387082992405938805
unpaired,69,A,False,right,20.150000000000002,2.6602696661984333,True,0.4038496342698597,0.3706783616129776,13409514490676406587
unpaired,70,B,True,left,17.150000000000002,2.1628904159118822,True,0.37073616417029126,0.40400086792731754,13551875573452778744
unpaired,71,A,False,left,17.900000000000002,2.106717736786657,True,0.4175274258367902,0.3564571041011637,8431602710515062330
unpaired,72,A,False,right,14.65,2.2516809494016985,True,0.38861604655415605,0.386035393224229,8061994401058848727
unpaired,73,B,True,left,21.0,2.6537393865652135,False,0.40493143438474416,0.3695622871859482,5473143660068739311
unpaired,74,A,False,left,21.0,2.760879991696716,False,0.3945657192511937,0.38012012973274273,8639961325195808527
unpaired,75,B,True,right,18.900000000000002,2.3672814683835286,True,0.3893416643656235,0.38539838273884686,13596827123035140750
unpaired,76,B,True,left,21.0,2.6893955253129698,False,0.40515948990163597,0.36956103984610156,10679578517684460497
unpaired,77,B,True,right,18.55,2.5977060627836126,True,0.38451147600445845,0.39039827849798686,13724690970723870090
unpaired,78,A,False,right,17.95,2.273930937985792,True,0.41723367340774553,0.35680114187305223,5535979574078022713
unpaired,79,B,True,right,21.0,2.2777411060611663,False,0.36534113456808115,0.4090093122857268,12718654526211234872
unpaired,80,B,True,right,21.0,2.5354815956731516,False,0.3924451954764746,0.3821956421452901,3691905675393001087
unpaired,81,A,False,right,17.0,2.1852802686432082,True,0.41114884651889205,0.3631030381342188,17542319913788885206
unpaired,82,B,True,right,16.35,2.1872239350302385,True,0.37273926570994487,0.40192913812935005,2652795629621401592
unpaired,83,B,True,right,16.400000000000002,2.3432318275909645,True,0.37187744354649155,0.4029159737658319,5752393683978380676
unpaired,84,A,False,left,17.45,2.3526618155586223,True,0.3695277395642952,0.4049046023264603,17824295394113426068
unpaired,85,A,False,left,16.25,2.2254165720024996,True,0.39767815381049576,0.37743730836755424,15841646613113887073
unpaired,86,B,True,left,16.6,2.2058433034811187,True,0.3955441686996642,0.3794055400265667,7858910145068557713
unpaired,87,B,True,right,17.75,2.208693160031488,True,0.384276873742056,0.39038427093346284,5816246714322797010
unpaired,88,B,True,left,21.0,2.8025238354927304,False,0.3921152666819179,0.38257545810172594,8742252371540685735
unpaired,89,B,True,left,17.75,2.4583956583572677,True,0.3905317844359687,0.38413197685910033,9318145439885275067
unpaired,90,A,False,left,19.700000000000003,2.5599784277166613,True,0.3744203619366573,0.40049373332002525,6666173574627872030
unpaired,91,A,False,left,16.75,2.1309746110787593,True,0.3867335124720751,0.3879962572774342,9259129196133725228
unpaired,92,B,True,right,16.1,2.1007344751212336,True,0.37395003257952986,0.40055825592076516,4854835079418318869
unpaired,93,A,False,left,15.0,2.1869404768807543,True,0.38292996030220783,0.39177385329295245,16021119113010445412
unpaired,94,B,True,right,18.650000000000002,2.5896388837593216,True,0.37437590707119556,0.4001925352034762,14872299071998430449
unpaired,95,B,True,left,21.0,2.687152301141078,False,0.39858126617482886,0.3765470670870828,10863830982188908433
unpaired,96,A,False,left,21.0,2.655772189262206,False,0.36897925005956456,0.40556862583113595,12958204743809418424
unpaired,97,B,True,left,21.0,2.585579626760563,False,0.41425143035852163,0.3597787029171551,10176459950485369066
unpaired,98,B,True,left,17.150000000000002,2.691769566530913,True,0.3765609141136037,0.3983193445066096,6082433181678313287
unpaired,99,B,True,right,21.0,2.652505076304696,False,0.3756309526552923,0.39900785912432946,10568399710941460254
