dataset,fly_id,seed,physics_rows,finite,outside_tolerance,naive_zero,final_state_present,stationary_nonresponse,config_matches,collection_consistent,memory_reconstruction_error,turn_reconstruction_error,unique_state_ids,state_choice_consistent,learned_value_sd,saturation_fraction
calibration_gain_50,consolidating_paired_0.5h_0_0_0,4076392674,57219,True,0,True,True,False,True,True,1.0633854907737827e-14,5.551115123125783e-17,True,True,0.0424193058927716,0.07665505226480836
calibration_gain_50,consolidating_paired_0.5h_0_0_1,1377592876,57078,True,0,True,True,False,True,True,1.2069338584108635e-14,5.551115123125783e-17,True,True,0.04566558687179918,0.0979020979020979
calibration_gain_50,consolidating_paired_0.5h_0_1_0,1483582147,57526,True,0,True,True,False,True,True,1.0145096568381362e-14,5.551115123125783e-17,True,True,0.039720847594625325,0.12152777777777778
calibration_gain_50,consolidating_paired_0.5h_0_1_1,1156549214,58152,True,0,True,True,False,True,True,1.8856444183867893e-14,5.551115123125783e-17,True,True,0.06007210961062803,0.18900343642611683
calibration_gain_50,consolidating_paired_0.5h_1_0_0,2486160845,57243,True,0,True,True,False,True,True,1.3255889441676771e-14,5.551115123125783e-17,True,True,0.051466423630578365,0.08362369337979095
calibration_gain_50,consolidating_paired_0.5h_1_0_1,2953232051,58217,True,0,True,True,False,True,True,1.6905747635131974e-14,5.551115123125783e-17,True,True,0.06213978656466872,0.0821917808219178
calibration_gain_50,consolidating_paired_0.5h_1_1_0,3265468116,58462,True,0,True,True,False,True,True,1.2022501050257262e-14,5.551115123125783e-17,True,True,0.04246660895756058,0.12627986348122866
calibration_gain_50,consolidating_paired_0.5h_1_1_1,2337273950,57073,True,0,True,True,False,True,True,1.1839487723541708e-14,1.1102230246251565e-16,True,True,0.04150624459967188,0.10839160839160839
calibration_gain_50,consolidating_paired_0.5h_2_0_0,4212188085,58504,True,0,True,True,False,True,True,1.2649603586822877e-14,5.551115123125783e-17,True,True,0.048937196139641474,0.09897610921501707
calibration_gain_50,consolidating_paired_0.5h_2_0_1,1196550506,58381,True,0,True,True,False,True,True,2.3194987597285888e-14,5.551115123125783e-17,True,True,0.07923314745234396,0.1404109589041096
calibration_gain_50,consolidating_paired_0.5h_2_1_0,1065098946,57269,True,0,True,True,False,True,True,8.686194125084867e-15,5.551115123125783e-17,True,True,0.03171783240789751,0.08710801393728224
calibration_gain_50,consolidating_paired_0.5h_2_1_1,3658463003,57762,True,0,True,True,False,True,True,1.1220191442617988e-14,5.551115123125783e-17,True,True,0.0409847175550231,0.16262975778546712
calibration_gain_50,consolidating_paired_0.5h_3_0_0,3931579541,58423,True,0,True,True,False,True,True,1.3099764328838859e-14,1.1102230246251565e-16,True,True,0.03469113200903788,0.10238907849829351
calibration_gain_50,consolidating_paired_0.5h_3_0_1,3926241268,58422,True,0,True,True,False,True,True,1.6694111371062803e-14,1.1102230246251565e-16,True,True,0.04440388832683979,0.08532423208191127
calibration_gain_50,consolidating_paired_0.5h_3_1_0,1050480474,59217,True,0,True,True,False,True,True,1.1153404588792881e-14,1.1102230246251565e-16,True,True,0.04363453019931556,0.07407407407407407
calibration_gain_50,consolidating_paired_0.5h_3_1_1,2587751173,57144,True,0,True,True,False,True,True,9.706645209828224e-15,1.1102230246251565e-16,True,True,0.035259793803863314,0.0944055944055944
calibration_gain_50,consolidating_paired_24h_0_0_0,2038887312,58117,True,0,True,True,False,True,True,5.297845495633169e-15,1.1102230246251565e-16,True,True,0.03822031904568675,0.1958762886597938
calibration_gain_50,consolidating_paired_24h_0_0_1,284928673,58869,True,0,True,True,False,True,True,9.26342336171615e-15,1.1102230246251565e-16,True,True,0.06481517137774409,0.17288135593220338
calibration_gain_50,consolidating_paired_24h_0_1_0,2621017246,57730,True,0,True,True,False,True,True,5.6968318951078345e-15,5.551115123125783e-17,True,True,0.058564414694974205,0.14878892733564014
calibration_gain_50,consolidating_paired_24h_0_1_1,2183770861,57718,True,0,True,True,False,True,True,7.251144129583054e-15,5.551115123125783e-17,True,True,0.0719445754725265,0.08304498269896193
calibration_gain_50,consolidating_paired_24h_1_0_0,3099683046,57372,True,0,True,True,False,True,True,1.0394463068053028e-14,5.551115123125783e-17,True,True,0.07156652671388415,0.1289198606271777
calibration_gain_50,consolidating_paired_24h_1_0_1,2314428761,57725,True,0,True,True,False,True,True,6.519090822720841e-15,5.551115123125783e-17,True,True,0.046892661013934835,0.08996539792387544
calibration_gain_50,consolidating_paired_24h_1_1_0,4206271640,57755,True,0,True,True,False,True,True,5.162537064506978e-15,5.551115123125783e-17,True,True,0.053249132778743616,0.17301038062283736
calibration_gain_50,consolidating_paired_24h_1_1_1,3062317857,58202,True,0,True,True,False,True,True,4.4651782271643015e-15,5.551115123125783e-17,True,True,0.04773016431554682,0.09931506849315068
calibration_gain_50,consolidating_paired_24h_2_0_0,4159401896,57224,True,0,True,True,False,True,True,8.507083926190262e-15,1.1102230246251565e-16,True,True,0.059398346812946944,0.059233449477351915
calibration_gain_50,consolidating_paired_24h_2_0_1,2477688502,58248,True,0,True,True,False,True,True,7.317063621670172e-15,1.1102230246251565e-16,True,True,0.051784799917834946,0.1232876712328767
calibration_gain_50,consolidating_paired_24h_2_1_0,4233874414,57848,True,0,True,True,False,True,True,6.342149028171207e-15,5.551115123125783e-17,True,True,0.0665288674626844,0.1310344827586207
calibration_gain_50,consolidating_paired_24h_2_1_1,2800760758,57047,True,0,True,True,False,True,True,6.303985111699717e-15,5.551115123125783e-17,True,True,0.06315018231279074,0.10839160839160839
calibration_gain_50,consolidating_paired_24h_3_0_0,773410183,56985,True,0,True,True,False,True,True,7.153999614928352e-15,5.551115123125783e-17,True,True,0.04987339293720184,0.08771929824561403
calibration_gain_50,consolidating_paired_24h_3_0_1,2301541232,58063,True,0,True,True,False,True,True,1.3364309658925322e-14,5.551115123125783e-17,True,True,0.08530101592329557,0.1958762886597938
calibration_gain_50,consolidating_paired_24h_3_1_0,2338782748,58151,True,0,True,True,False,True,True,7.0464467594177904e-15,5.551115123125783e-17,True,True,0.07086719084961206,0.140893470790378
calibration_gain_50,consolidating_paired_24h_3_1_1,637119624,57641,True,0,True,True,False,True,True,8.854028621385623e-15,5.551115123125783e-17,True,True,0.08220950550142035,0.11072664359861592
validation,consolidating_untrained_0.5h_0_0_0,1504105512,58152,True,0,True,True,False,True,True,0.0,5.551115123125783e-17,True,True,0.0,0.12371134020618557
validation,consolidating_untrained_0.5h_0_0_1,3645074975,57970,True,0,True,True,False,True,True,0.0,5.551115123125783e-17,True,True,0.0,0.1482758620689655
validation,consolidating_untrained_0.5h_0_1_0,698266775,57417,True,0,True,True,False,True,True,0.0,5.551115123125783e-17,True,True,0.0,0.13194444444444445
validation,consolidating_untrained_0.5h_0_1_1,3080033903,59225,True,0,True,True,False,True,True,0.0,2.7755575615628914e-17,True,True,0.0,0.06397306397306397
validation,consolidating_untrained_0.5h_1_0_0,723520781,58174,True,0,True,True,False,True,True,0.0,5.551115123125783e-17,True,True,0.0,0.1134020618556701
validation,consolidating_untrained_0.5h_1_0_1,14992169,57390,True,0,True,True,False,True,True,0.0,5.551115123125783e-17,True,True,0.0,0.06968641114982578
validation,consolidating_untrained_0.5h_1_1_0,4291557902,57562,True,0,True,True,False,True,True,0.0,5.551115123125783e-17,True,True,0.0,0.09722222222222222
validation,consolidating_untrained_0.5h_1_1_1,2477174273,59829,True,0,True,True,False,True,True,0.0,1.1102230246251565e-16,True,True,0.0,0.12
validation,consolidating_untrained_0.5h_2_0_0,3902232413,58450,True,0,True,True,False,True,True,0.0,2.220446049250313e-16,True,True,0.0,0.07167235494880546
validation,consolidating_untrained_0.5h_2_0_1,51217172,58259,True,0,True,True,False,True,True,0.0,1.1102230246251565e-16,True,True,0.0,0.11301369863013698
validation,consolidating_untrained_0.5h_2_1_0,2177940197,57611,True,0,True,True,False,True,True,0.0,5.551115123125783e-17,True,True,0.0,0.11072664359861592
validation,consolidating_untrained_0.5h_2_1_1,1689580155,57272,True,0,True,True,False,True,True,0.0,5.551115123125783e-17,True,True,0.0,0.15331010452961671
validation,consolidating_untrained_0.5h_3_0_0,2049895624,58778,True,0,True,True,False,True,True,0.0,5.551115123125783e-17,True,True,0.0,0.14285714285714285
validation,consolidating_untrained_0.5h_3_0_1,3310649013,57824,True,0,True,True,False,True,True,0.0,5.551115123125783e-17,True,True,0.0,0.14482758620689656
validation,consolidating_untrained_0.5h_3_1_0,3721458190,58477,True,0,True,True,False,True,True,0.0,5.551115123125783e-17,True,True,0.0,0.1296928327645051
validation,consolidating_untrained_0.5h_3_1_1,2136999476,58031,True,0,True,True,False,True,True,0.0,5.551115123125783e-17,True,True,0.0,0.1134020618556701
validation,consolidating_untrained_0.5h_4_0_0,2922847178,59270,True,0,True,True,False,True,True,0.0,1.1102230246251565e-16,True,True,0.0,0.12794612794612795
validation,consolidating_untrained_0.5h_4_0_1,1839503921,1200000,True,0,True,True,True,True,True,0.0,1.1102230246251565e-16,True,True,0.0,0.9775
validation,consolidating_untrained_0.5h_4_1_0,2992701083,58408,True,0,True,True,False,True,True,0.0,5.551115123125783e-17,True,True,0.0,0.09897610921501707
validation,consolidating_untrained_0.5h_4_1_1,1415663701,58186,True,0,True,True,False,True,True,0.0,5.551115123125783e-17,True,True,0.0,0.12371134020618557
validation,consolidating_untrained_0.5h_5_0_0,2840261274,58669,True,0,True,True,False,True,True,0.0,5.551115123125783e-17,True,True,0.0,0.08503401360544217
validation,consolidating_untrained_0.5h_5_0_1,998282491,57911,True,0,True,True,False,True,True,0.0,1.1102230246251565e-16,True,True,0.0,0.17586206896551723
validation,consolidating_untrained_0.5h_5_1_0,845834198,57613,True,0,True,True,False,True,True,0.0,1.1102230246251565e-16,True,True,0.0,0.1314878892733564
validation,consolidating_untrained_0.5h_5_1_1,1391016856,1200000,True,0,True,True,True,True,True,0.0,2.7755575615628914e-17,True,True,0.0,0.9785
validation,consolidating_untrained_0.5h_6_0_0,728213094,59053,True,0,True,True,False,True,True,0.0,1.1102230246251565e-16,True,True,0.0,0.17905405405405406
validation,consolidating_untrained_0.5h_6_0_1,276830877,58500,True,0,True,True,False,True,True,0.0,1.1102230246251565e-16,True,True,0.0,0.09215017064846416
validation,consolidating_untrained_0.5h_6_1_0,132610291,57629,True,0,True,True,False,True,True,0.0,5.551115123125783e-17,True,True,0.0,0.09688581314878893
validation,consolidating_untrained_0.5h_6_1_1,1513936372,58127,True,0,True,True,False,True,True,0.0,2.220446049250313e-16,True,True,0.0,0.07216494845360824
validation,consolidating_untrained_0.5h_7_0_0,568576741,1200000,True,0,True,True,True,True,True,0.0,2.220446049250313e-16,True,True,0.0,0.9788333333333333
validation,consolidating_untrained_0.5h_7_0_1,91933332,57580,True,0,True,True,False,True,True,0.0,5.551115123125783e-17,True,True,0.0,0.07291666666666667
validation,consolidating_untrained_0.5h_7_1_0,193504024,57723,True,0,True,True,False,True,True,0.0,5.551115123125783e-17,True,True,0.0,0.10726643598615918
validation,consolidating_untrained_0.5h_7_1_1,3122271422,1200000,True,0,True,True,True,True,True,0.0,5.551115123125783e-17,True,True,0.0,0.9801666666666666
validation,consolidating_untrained_24h_0_0_0,2027674952,57602,True,0,True,True,False,True,True,0.0,5.551115123125783e-17,True,True,0.0,0.15916955017301038
validation,consolidating_untrained_24h_0_0_1,2004875060,1200000,True,0,True,True,True,True,True,0.0,2.220446049250313e-16,True,True,0.0,0.035
validation,consolidating_untrained_24h_0_1_0,1465004536,58510,True,0,True,True,False,True,True,0.0,5.551115123125783e-17,True,True,0.0,0.10238907849829351
validation,consolidating_untrained_24h_0_1_1,2058265288,59298,True,0,True,True,False,True,True,0.0,5.551115123125783e-17,True,True,0.0,0.13468013468013468
validation,consolidating_untrained_24h_1_0_0,515240408,58386,True,0,True,True,False,True,True,0.0,5.551115123125783e-17,True,True,0.0,0.1232876712328767
validation,consolidating_untrained_24h_1_0_1,4075175901,57019,True,0,True,True,False,True,True,0.0,5.551115123125783e-17,True,True,0.0,0.07342657342657342
validation,consolidating_untrained_24h_1_1_0,341564537,59016,True,0,True,True,False,True,True,0.0,5.551115123125783e-17,True,True,0.0,0.125
validation,consolidating_untrained_24h_1_1_1,286086191,57817,True,0,True,True,False,True,True,0.0,5.551115123125783e-17,True,True,0.0,0.07241379310344828
validation,consolidating_untrained_24h_2_0_0,115697737,57176,True,0,True,True,False,True,True,0.0,5.551115123125783e-17,True,True,0.0,0.07692307692307693
validation,consolidating_untrained_24h_2_0_1,2356870477,59155,True,0,True,True,False,True,True,0.0,5.551115123125783e-17,True,True,0.0,0.09121621621621621
validation,consolidating_untrained_24h_2_1_0,3314638847,57618,True,0,True,True,False,True,True,0.0,5.551115123125783e-17,True,True,0.0,0.06920415224913495
validation,consolidating_untrained_24h_2_1_1,3796543228,57241,True,0,True,True,False,True,True,0.0,5.551115123125783e-17,True,True,0.0,0.08362369337979095
validation,consolidating_untrained_24h_3_0_0,1552244432,58710,True,0,True,True,False,True,True,0.0,2.220446049250313e-16,True,True,0.0,0.12244897959183673
validation,consolidating_untrained_24h_3_0_1,3478518181,58756,True,0,True,True,False,True,True,0.0,1.1102230246251565e-16,True,True,0.0,0.1326530612244898
validation,consolidating_untrained_24h_3_1_0,2881272322,58307,True,0,True,True,False,True,True,0.0,5.551115123125783e-17,True,True,0.0,0.1232876712328767
validation,consolidating_untrained_24h_3_1_1,1463120887,60123,True,0,True,True,False,True,True,0.0,5.551115123125783e-17,True,True,0.0,0.1362126245847176
validation,consolidating_untrained_24h_4_0_0,2721135724,1200000,True,0,True,True,True,True,True,0.0,2.220446049250313e-16,True,True,0.0,0.5815
validation,consolidating_untrained_24h_4_0_1,3615100609,58710,True,0,True,True,False,True,True,0.0,2.7755575615628914e-17,True,True,0.0,0.08503401360544217
validation,consolidating_untrained_24h_4_1_0,3750199754,57661,True,0,True,True,False,True,True,0.0,5.551115123125783e-17,True,True,0.0,0.08996539792387544
validation,consolidating_untrained_24h_4_1_1,2397499920,58607,True,0,True,True,False,True,True,0.0,5.551115123125783e-17,True,True,0.0,0.19387755102040816
validation,consolidating_untrained_24h_5_0_0,1823332633,58970,True,0,True,True,False,True,True,0.0,5.551115123125783e-17,True,True,0.0,0.12542372881355932
validation,consolidating_untrained_24h_5_0_1,2964280044,57959,True,0,True,True,False,True,True,0.0,5.551115123125783e-17,True,True,0.0,0.15862068965517243
validation,consolidating_untrained_24h_5_1_0,202701765,57480,True,0,True,True,False,True,True,0.0,5.551115123125783e-17,True,True,0.0,0.16319444444444445
validation,consolidating_untrained_24h_5_1_1,3473079055,58720,True,0,True,True,False,True,True,0.0,1.1102230246251565e-16,True,True,0.0,0.10204081632653061
validation,consolidating_untrained_24h_6_0_0,3597349716,58345,True,0,True,True,False,True,True,0.0,5.551115123125783e-17,True,True,0.0,0.14383561643835616
validation,consolidating_untrained_24h_6_0_1,3787009947,58360,True,0,True,True,False,True,True,0.0,5.551115123125783e-17,True,True,0.0,0.05821917808219178
validation,consolidating_untrained_24h_6_1_0,1619492560,57572,True,0,True,True,False,True,True,0.0,5.551115123125783e-17,True,True,0.0,0.15625
validation,consolidating_untrained_24h_6_1_1,2851536806,58829,True,0,True,True,False,True,True,0.0,5.551115123125783e-17,True,True,0.0,0.1152542372881356
validation,consolidating_untrained_24h_7_0_0,3233201988,58012,True,0,True,True,False,True,True,0.0,5.551115123125783e-17,True,True,0.0,0.06872852233676977
validation,consolidating_untrained_24h_7_0_1,3294241980,58374,True,0,True,True,False,True,True,0.0,2.220446049250313e-16,True,True,0.0,0.08904109589041095
validation,consolidating_untrained_24h_7_1_0,2537967073,58181,True,0,True,True,False,True,True,0.0,1.1102230246251565e-16,True,True,0.0,0.09621993127147767
validation,consolidating_untrained_24h_7_1_1,4280676300,58213,True,0,True,True,False,True,True,0.0,5.551115123125783e-17,True,True,0.0,0.1095890410958904
validation,consolidating_paired_0.5h_0_0_0,1687835822,58574,True,0,True,True,False,True,True,1.3830950273963083e-14,5.551115123125783e-17,True,True,0.05380032335952793,0.1945392491467577
validation,consolidating_paired_0.5h_0_0_1,64903272,57810,True,0,True,True,False,True,True,1.4862243380431295e-14,5.551115123125783e-17,True,True,0.05561971950003311,0.10689655172413794
validation,consolidating_paired_0.5h_0_1_0,1766934199,57494,True,0,True,True,False,True,True,1.251776460264864e-14,5.551115123125783e-17,True,True,0.04308341403362765,0.1111111111111111
validation,consolidating_paired_0.5h_0_1_1,173636277,57915,True,0,True,True,False,True,True,1.137111238502797e-14,5.551115123125783e-17,True,True,0.040157096283078585,0.15172413793103448
validation,consolidating_paired_0.5h_1_0_0,2053679506,56951,True,0,True,True,False,True,True,1.4655811286790055e-14,1.1102230246251565e-16,True,True,0.05462675629013166,0.07719298245614035
validation,consolidating_paired_0.5h_1_0_1,3870024787,58624,True,0,True,True,False,True,True,1.615721445524798e-14,1.1102230246251565e-16,True,True,0.059859263238065015,0.13945578231292516
validation,consolidating_paired_0.5h_1_1_0,2387348684,58544,True,0,True,True,False,True,True,1.0475995071423938e-14,1.1102230246251565e-16,True,True,0.038532003995983694,0.13993174061433447
validation,consolidating_paired_0.5h_1_1_1,892557625,57424,True,0,True,True,False,True,True,2.1038726316646716e-14,5.551115123125783e-17,True,True,0.06433056526994906,0.1423611111111111
validation,consolidating_paired_0.5h_2_0_0,4216967749,57411,True,0,True,True,False,True,True,7.598088824778415e-15,5.551115123125783e-17,True,True,0.03037933941047995,0.13541666666666666
validation,consolidating_paired_0.5h_2_0_1,3918707409,57400,True,0,True,True,False,True,True,1.3601966775134144e-14,1.1102230246251565e-16,True,True,0.05085278366666246,0.12195121951219512
validation,consolidating_paired_0.5h_2_1_0,1881499557,1200000,True,0,True,True,True,True,True,1.3064202497581334e-14,2.220446049250313e-16,True,True,0.004625004814445642,0.10433333333333333
validation,consolidating_paired_0.5h_2_1_1,4115339527,58561,True,0,True,True,False,True,True,1.497933721505973e-14,5.551115123125783e-17,True,True,0.055471598054409654,0.14334470989761092
validation,consolidating_paired_0.5h_3_0_0,3080217524,58406,True,0,True,True,False,True,True,1.6177163775221715e-14,1.1102230246251565e-16,True,True,0.060601375513642,0.12627986348122866
validation,consolidating_paired_0.5h_3_0_1,1899764056,58689,True,0,True,True,False,True,True,1.1119577481011333e-14,5.551115123125783e-17,True,True,0.030969241879222405,0.10884353741496598
validation,consolidating_paired_0.5h_3_1_0,3383282208,58965,True,0,True,True,False,True,True,1.0992942667265027e-14,5.551115123125783e-17,True,True,0.03890154604886129,0.08135593220338982
validation,consolidating_paired_0.5h_3_1_1,28173366,57618,True,0,True,True,False,True,True,1.6021038662383802e-14,1.1102230246251565e-16,True,True,0.05273023717721309,0.12802768166089964
validation,consolidating_paired_0.5h_4_0_0,3918728148,60173,True,0,True,True,False,True,True,1.4893468402998877e-14,2.220446049250313e-16,True,True,0.056597641800682254,0.1893687707641196
validation,consolidating_paired_0.5h_4_0_1,2315048214,57342,True,0,True,True,False,True,True,1.1618310480354666e-14,5.551115123125783e-17,True,True,0.044541511090770446,0.156794425087108
validation,consolidating_paired_0.5h_4_1_0,2630205305,58700,True,0,True,True,False,True,True,1.5084287985356326e-14,5.551115123125783e-17,True,True,0.05126481132883284,0.08843537414965986
validation,consolidating_paired_0.5h_4_1_1,2943274185,57799,True,0,True,True,False,True,True,1.7920560868578406e-14,1.1102230246251565e-16,True,True,0.057962497442946244,0.18685121107266436
validation,consolidating_paired_0.5h_5_0_0,2302186427,58382,True,0,True,True,False,True,True,1.917910275039958e-14,1.1102230246251565e-16,True,True,0.07119968462119827,0.10616438356164383
validation,consolidating_paired_0.5h_5_0_1,1440656946,58911,True,0,True,True,False,True,True,1.7382796591025595e-14,2.220446049250313e-16,True,True,0.04748388029932954,0.18305084745762712
validation,consolidating_paired_0.5h_5_1_0,330856334,57502,True,0,True,True,False,True,True,1.5284648546831647e-14,5.551115123125783e-17,True,True,0.050923743949746816,0.12152777777777778
validation,consolidating_paired_0.5h_5_1_1,216581450,57743,True,0,True,True,False,True,True,8.623744079949702e-15,5.551115123125783e-17,True,True,0.03233874477115412,0.10034602076124567
validation,consolidating_paired_0.5h_6_0_0,137550629,58968,True,0,True,True,False,True,True,9.702742082007276e-15,1.1102230246251565e-16,True,True,0.03830189165156994,0.14576271186440679
validation,consolidating_paired_0.5h_6_0_1,655187610,56938,True,0,True,True,False,True,True,1.872720728490762e-14,1.1102230246251565e-16,True,True,0.06770297083186791,0.12982456140350876
validation,consolidating_paired_0.5h_6_1_0,1489134707,58681,True,0,True,True,False,True,True,1.4135394243997013e-14,5.551115123125783e-17,True,True,0.05454259595566244,0.08843537414965986
validation,consolidating_paired_0.5h_6_1_1,1842449132,58631,True,0,True,True,False,True,True,1.5295924249425497e-14,1.1102230246251565e-16,True,True,0.05592416904220206,0.15306122448979592
validation,consolidating_paired_0.5h_7_0_0,4167983389,58432,True,0,True,True,False,True,True,1.63202784619898e-14,1.1102230246251565e-16,True,True,0.043810551907423785,0.15358361774744028
validation,consolidating_paired_0.5h_7_0_1,274543753,57439,True,0,True,True,False,True,True,1.1411878386713425e-14,5.551115123125783e-17,True,True,0.043778487533354504,0.125
validation,consolidating_paired_0.5h_7_1_0,1427078620,57187,True,0,True,True,False,True,True,2.0801069200437894e-14,5.551115123125783e-17,True,True,0.063031834743372,0.12937062937062938
validation,consolidating_paired_0.5h_7_1_1,1351679822,58702,True,0,True,True,False,True,True,8.930790135197597e-15,2.220446049250313e-16,True,True,0.0333837837969319,0.11904761904761904
validation,consolidating_paired_24h_0_0_0,3924694023,57919,True,0,True,True,False,True,True,4.142519660632615e-15,5.551115123125783e-17,True,True,0.04648476531869068,0.07931034482758621
validation,consolidating_paired_24h_0_0_1,2476025120,57577,True,0,True,True,False,True,True,9.291178937331779e-15,5.551115123125783e-17,True,True,0.06585253839785479,0.09722222222222222
validation,consolidating_paired_24h_0_1_0,1947270068,57970,True,0,True,True,False,True,True,5.422745585903499e-15,5.551115123125783e-17,True,True,0.05841626961972061,0.12758620689655173
validation,consolidating_paired_24h_0_1_1,1715947982,58855,True,0,True,True,False,True,True,5.898059818321144e-15,1.1102230246251565e-16,True,True,0.06207913847680618,0.08813559322033898
validation,consolidating_paired_24h_1_0_0,2504320243,58026,True,0,True,True,False,True,True,6.7480743215497796e-15,1.1102230246251565e-16,True,True,0.047947288464455465,0.12714776632302405
validation,consolidating_paired_24h_1_0_1,1035788442,58861,True,0,True,True,False,True,True,4.704570066849101e-15,5.551115123125783e-17,True,True,0.03506689067573814,0.15593220338983052
validation,consolidating_paired_24h_1_1_0,4096425622,58985,True,0,True,True,False,True,True,6.432354648922001e-15,5.551115123125783e-17,True,True,0.06192238822932286,0.11186440677966102
validation,consolidating_paired_24h_1_1_1,3400327412,58985,True,0,True,True,False,True,True,7.251144129583054e-15,5.551115123125783e-17,True,True,0.07074681937633052,0.13559322033898305
validation,consolidating_paired_24h_2_0_0,555207013,57966,True,0,True,True,False,True,True,7.261552470438914e-15,5.551115123125783e-17,True,True,0.05038399069825455,0.13448275862068965
validation,consolidating_paired_24h_2_0_1,2881849080,57400,True,0,True,True,False,True,True,8.167078124898808e-15,1.1102230246251565e-16,True,True,0.057862702714572174,0.14634146341463414
validation,consolidating_paired_24h_2_1_0,1290379729,57102,True,0,True,True,False,True,True,7.08461067588928e-15,5.551115123125783e-17,True,True,0.07222363190458796,0.0944055944055944
validation,consolidating_paired_24h_2_1_1,2539879688,1200000,True,0,True,True,True,True,True,7.625844400394044e-15,1.1102230246251565e-16,True,True,0.009671123314867755,0.7293333333333333
validation,consolidating_paired_24h_3_0_0,3006085127,57293,True,0,True,True,False,True,True,8.28503932126523e-15,5.551115123125783e-17,True,True,0.0585581707833323,0.07317073170731707
validation,consolidating_paired_24h_3_0_1,172432745,57187,True,0,True,True,False,True,True,8.500145032286355e-15,5.551115123125783e-17,True,True,0.05956459253838713,0.07692307692307693
validation,consolidating_paired_24h_3_1_0,3695667082,57498,True,0,True,True,False,True,True,5.10702591327572e-15,1.1102230246251565e-16,True,True,0.05374034190201785,0.1597222222222222
validation,consolidating_paired_24h_3_1_1,2891265482,57655,True,0,True,True,False,True,True,7.514822097931528e-15,5.551115123125783e-17,True,True,0.07345748358952993,0.1453287197231834
validation,consolidating_paired_24h_4_0_0,2996774044,57711,True,0,True,True,False,True,True,6.841749389252527e-15,5.551115123125783e-17,True,True,0.07316921752877939,0.1314878892733564
validation,consolidating_paired_24h_4_0_1,2734557583,57454,True,0,True,True,False,True,True,7.875644580934704e-15,5.551115123125783e-17,True,True,0.05487865444188719,0.1284722222222222
validation,consolidating_paired_24h_4_1_0,3285177528,58121,True,0,True,True,False,True,True,2.7356589216154248e-15,1.1102230246251565e-16,True,True,0.030934251732660435,0.09621993127147767
validation,consolidating_paired_24h_4_1_1,3166369462,59018,True,0,True,True,False,True,True,8.971989817752046e-15,5.551115123125783e-17,True,True,0.08320634768235892,0.13513513513513514
validation,consolidating_paired_24h_5_0_0,1230958501,57432,True,0,True,True,False,True,True,9.041378756791119e-15,1.1102230246251565e-16,True,True,0.062250116166515816,0.1388888888888889
validation,consolidating_paired_24h_5_0_1,231525877,57556,True,0,True,True,False,True,True,8.11156697366755e-15,5.551115123125783e-17,True,True,0.05950986696175807,0.11805555555555555
validation,consolidating_paired_24h_5_1_0,2921403750,57740,True,0,True,True,False,True,True,5.599687380453133e-15,5.551115123125783e-17,True,True,0.05836543384623302,0.10380622837370242
validation,consolidating_paired_24h_5_1_1,3343274557,57869,True,0,True,True,False,True,True,8.770761894538737e-15,5.551115123125783e-17,True,True,0.08466265518594741,0.12758620689655173
validation,consolidating_paired_24h_6_0_0,2357807296,58697,True,0,True,True,False,True,True,6.807054919732991e-15,1.1102230246251565e-16,True,True,0.07450684193363845,0.13945578231292516
validation,consolidating_paired_24h_6_0_1,360416375,58394,True,0,True,True,False,True,True,1.0373646386341306e-14,1.1102230246251565e-16,True,True,0.06962160620647832,0.18835616438356165
validation,consolidating_paired_24h_6_1_0,2785546181,57339,True,0,True,True,False,True,True,7.0186911838021615e-15,1.1102230246251565e-16,True,True,0.06574630040588987,0.0975609756097561
validation,consolidating_paired_24h_6_1_1,1242641596,57428,True,0,True,True,False,True,True,9.096889908022376e-15,5.551115123125783e-17,True,True,0.08546203585485387,0.2013888888888889
validation,consolidating_paired_24h_7_0_0,2606188216,56949,True,0,True,True,False,True,True,6.068062718966871e-15,5.551115123125783e-17,True,True,0.043446431197298165,0.08070175438596491
validation,consolidating_paired_24h_7_0_1,3470791125,57903,True,0,True,True,False,True,True,1.2725931419765857e-14,1.1102230246251565e-16,True,True,0.08381476935791102,0.14482758620689656
validation,consolidating_paired_24h_7_1_0,1894080481,57758,True,0,True,True,False,True,True,7.847889005319075e-15,5.551115123125783e-17,True,True,0.07753172844157807,0.12802768166089964
validation,consolidating_paired_24h_7_1_1,197379932,58672,True,0,True,True,False,True,True,7.98666688339722e-15,1.1102230246251565e-16,True,True,0.07803262407789205,0.12585034013605442
validation,consolidating_unpaired_0.5h_0_0_0,833603820,58358,True,0,True,True,False,True,True,5.0998159688286915e-17,2.7755575615628914e-17,True,True,0.0001446880643905495,0.10273972602739725
validation,consolidating_unpaired_0.5h_0_0_1,2821218807,57833,True,0,True,True,False,True,True,5.0987995292919863e-17,1.1102230246251565e-16,True,True,0.00015085917502711247,0.05517241379310345
validation,consolidating_unpaired_0.5h_0_1_0,3255161203,58083,True,0,True,True,False,True,True,7.498952088631772e-17,5.551115123125783e-17,True,True,0.0002186080680264261,0.07560137457044673
validation,consolidating_unpaired_0.5h_0_1_1,96522684,58913,True,0,True,True,False,True,True,7.832344256671064e-17,5.551115123125783e-17,True,True,0.00014933846729721115,0.14576271186440679
validation,consolidating_unpaired_0.5h_1_0_0,2233507186,57809,True,0,True,True,False,True,True,5.674104307067107e-17,1.1102230246251565e-16,True,True,0.00015986189269500813,0.13448275862068965
validation,consolidating_unpaired_0.5h_1_0_1,2079302979,59654,True,0,True,True,False,True,True,6.371381829246847e-17,1.1102230246251565e-16,True,True,0.00019225290966160452,0.13712374581939799
validation,consolidating_unpaired_0.5h_1_1_0,1373694948,58645,True,0,True,True,False,True,True,4.864679622670898e-17,5.551115123125783e-17,True,True,8.996956186294878e-05,0.08503401360544217
validation,consolidating_unpaired_0.5h_1_1_1,1892663021,58624,True,0,True,True,False,True,True,5.839783951550048e-17,1.1102230246251565e-16,True,True,0.00010364019250564058,0.20748299319727892
validation,consolidating_unpaired_0.5h_2_0_0,2004436028,57059,True,0,True,True,False,True,True,4.6613917153298656e-17,5.551115123125783e-17,True,True,0.0001328480903759015,0.06993006993006994
validation,consolidating_unpaired_0.5h_2_0_1,1705607200,58032,True,0,True,True,False,True,True,4.541113036819755e-17,5.551115123125783e-17,True,True,0.00012804825616804909,0.15463917525773196
validation,consolidating_unpaired_0.5h_2_1_0,3674532544,57031,True,0,True,True,False,True,True,4.2097537478538727e-17,5.551115123125783e-17,True,True,7.741649089973898e-05,0.05944055944055944
validation,consolidating_unpaired_0.5h_2_1_1,28419693,57322,True,0,True,True,False,True,True,5.0018989601260944e-17,5.551115123125783e-17,True,True,0.00014152524464941578,0.06620209059233449
validation,consolidating_unpaired_0.5h_3_0_0,1719411753,57499,True,0,True,True,False,True,True,3.474698556226591e-17,5.551115123125783e-17,True,True,0.00010067027059747146,0.09027777777777778
validation,consolidating_unpaired_0.5h_3_0_1,3847648126,57768,True,0,True,True,False,True,True,8.268396817917578e-17,5.551115123125783e-17,True,True,0.00023414580267732757,0.09342560553633218
validation,consolidating_unpaired_0.5h_3_1_0,2512086354,58468,True,0,True,True,False,True,True,8.095602096677701e-17,1.1102230246251565e-16,True,True,0.00023123655416586167,0.08873720136518772
validation,consolidating_unpaired_0.5h_3_1_1,546995247,58118,True,0,True,True,False,True,True,7.08492238401387e-17,5.551115123125783e-17,True,True,0.00013618402894231382,0.14432989690721648
validation,consolidating_unpaired_0.5h_4_0_0,1339365232,58094,True,0,True,True,False,True,True,5.168256230966839e-17,5.551115123125783e-17,True,True,0.00015020532874293404,0.15120274914089346
validation,consolidating_unpaired_0.5h_4_0_1,4292187975,57168,True,0,True,True,False,True,True,7.33903226819016e-17,1.1102230246251565e-16,True,True,0.00021005785926014902,0.07342657342657342
validation,consolidating_unpaired_0.5h_4_1_0,2362440579,57899,True,0,True,True,False,True,True,7.204184622987275e-17,5.551115123125783e-17,True,True,0.0002100871893095626,0.06896551724137931
validation,consolidating_unpaired_0.5h_4_1_1,3508859841,57230,True,0,True,True,False,True,True,7.156750777941034e-17,5.551115123125783e-17,True,True,0.0001290549935781757,0.09059233449477352
validation,consolidating_unpaired_0.5h_5_0_0,3867367034,57860,True,0,True,True,False,True,True,4.7355918015093423e-17,5.551115123125783e-17,True,True,0.00013463505903105617,0.17586206896551723
validation,consolidating_unpaired_0.5h_5_0_1,1975417314,57903,True,0,True,True,False,True,True,7.801173444212106e-17,5.551115123125783e-17,True,True,0.0002296258432076057,0.10344827586206896
validation,consolidating_unpaired_0.5h_5_1_0,223696259,58676,True,0,True,True,False,True,True,4.6844310114951826e-17,5.551115123125783e-17,True,True,8.609539626443676e-05,0.11224489795918367
validation,consolidating_unpaired_0.5h_5_1_1,1956760187,58064,True,0,True,True,False,True,True,7.391209497741025e-17,5.551115123125783e-17,True,True,0.00021303204356534482,0.09278350515463918
validation,consolidating_unpaired_0.5h_6_0_0,3131347364,59131,True,0,True,True,False,True,True,5.468105894294861e-17,5.551115123125783e-17,True,True,0.00015685736684848954,0.10472972972972973
validation,consolidating_unpaired_0.5h_6_0_1,3684812660,57504,True,0,True,True,False,True,True,1.345698183961852e-16,5.551115123125783e-17,True,True,0.0003948358865693829,0.12152777777777778
validation,consolidating_unpaired_0.5h_6_1_0,3418330888,58057,True,0,True,True,False,True,True,6.045443551143392e-17,5.551115123125783e-17,True,True,0.00017195867680690777,0.10309278350515463
validation,consolidating_unpaired_0.5h_6_1_1,1421610099,57721,True,0,True,True,False,True,True,5.553148002199193e-17,5.551115123125783e-17,True,True,0.00015559716224658186,0.07958477508650519
validation,consolidating_unpaired_0.5h_7_0_0,415378075,57952,True,0,True,True,False,True,True,6.88197328985174e-17,5.551115123125783e-17,True,True,0.00019862081727641445,0.0896551724137931
validation,consolidating_unpaired_0.5h_7_0_1,165376518,59561,True,0,True,True,False,True,True,7.835732388460082e-17,5.551115123125783e-17,True,True,0.00023157107240335788,0.09395973154362416
validation,consolidating_unpaired_0.5h_7_1_0,4070838429,57062,True,0,True,True,False,True,True,8.139647809934925e-17,5.551115123125783e-17,True,True,0.00023088797783686626,0.07692307692307693
validation,consolidating_unpaired_0.5h_7_1_1,1573520036,57414,True,0,True,True,False,True,True,9.163541236575923e-17,5.551115123125783e-17,True,True,0.00016452630608129886,0.09027777777777778
validation,consolidating_unpaired_24h_0_0_0,3853690337,58479,True,0,True,True,False,True,True,4.960224939121183e-17,5.551115123125783e-17,True,True,0.00045737535096024556,0.07508532423208192
validation,consolidating_unpaired_24h_0_0_1,935351486,58249,True,0,True,True,False,True,True,4.664779847118883e-17,2.7755575615628914e-17,True,True,0.00042605836980398045,0.07534246575342465
validation,consolidating_unpaired_24h_0_1_0,2183178479,58348,True,0,True,True,False,True,True,2.6861108823328372e-17,5.551115123125783e-17,True,True,0.00014866576187089976,0.17123287671232876
validation,consolidating_unpaired_24h_0_1_1,2948361503,58715,True,0,True,True,False,True,True,2.4028630647709992e-17,5.551115123125783e-17,True,True,0.00022047691638557825,0.09183673469387756
validation,consolidating_unpaired_24h_1_0_0,3834522944,59129,True,0,True,True,False,True,True,4.889751797909625e-17,5.551115123125783e-17,True,True,0.00043373738590707123,0.17567567567567569
validation,consolidating_unpaired_24h_1_0_1,2880936481,57802,True,0,True,True,False,True,True,3.184843881676169e-17,1.1102230246251565e-16,True,True,0.00028619443426863074,0.1
validation,consolidating_unpaired_24h_1_1_0,1534258270,58584,True,0,True,True,False,True,True,4.0576266305270003e-17,1.1102230246251565e-16,True,True,0.0003751120267596038,0.11262798634812286
validation,consolidating_unpaired_24h_1_1_1,3910798430,58440,True,0,True,True,False,True,True,3.469446951953614e-17,5.551115123125783e-17,True,True,0.0003223527243742042,0.12286689419795221
validation,consolidating_unpaired_24h_2_0_0,2887552214,57917,True,0,True,True,False,True,True,3.640208794120081e-17,5.551115123125783e-17,True,True,0.00031910927396005845,0.1793103448275862
validation,consolidating_unpaired_24h_2_0_1,3790510634,58184,True,0,True,True,False,True,True,2.122325752640375e-17,5.551115123125783e-17,True,True,0.00018935493878258214,0.0859106529209622
validation,consolidating_unpaired_24h_2_1_0,54814740,58910,True,0,True,True,False,True,True,4.174178364069192e-17,5.551115123125783e-17,True,True,0.00024252037982466353,0.11864406779661017
validation,consolidating_unpaired_24h_2_1_1,4055109185,58337,True,0,True,True,False,True,True,4.217546450968612e-17,5.551115123125783e-17,True,True,0.00039041248999104473,0.11301369863013698
validation,consolidating_unpaired_24h_3_0_0,1873172852,57929,True,0,True,True,False,True,True,3.209238430557093e-17,5.551115123125783e-17,True,True,0.000291588142447204,0.11379310344827587
validation,consolidating_unpaired_24h_3_0_1,380421138,58907,True,0,True,True,False,True,True,2.4990860075790877e-17,1.1102230246251565e-16,True,True,0.00023078418508263533,0.10847457627118644
validation,consolidating_unpaired_24h_3_1_0,2906675123,57693,True,0,True,True,False,True,True,2.9232801075640413e-17,5.551115123125783e-17,True,True,0.00017082681153676157,0.08650519031141868
validation,consolidating_unpaired_24h_3_1_1,362717507,65562,True,0,True,True,False,True,True,2.916503843986007e-17,5.551115123125783e-17,True,True,0.0002601904348583279,0.1676829268292683
validation,consolidating_unpaired_24h_4_0_0,2408331305,57728,True,0,True,True,False,True,True,4.8030156241107846e-17,5.551115123125783e-17,True,True,0.00041952880175963233,0.0657439446366782
validation,consolidating_unpaired_24h_4_0_1,844511958,57932,True,0,True,True,False,True,True,2.72405795836983e-17,1.1102230246251565e-16,True,True,0.00024052816930715545,0.1206896551724138
validation,consolidating_unpaired_24h_4_1_0,2261288614,59190,True,0,True,True,False,True,True,2.7972416050126014e-17,5.551115123125783e-17,True,True,0.00016393030365056022,0.09797297297297297
validation,consolidating_unpaired_24h_4_1_1,4276237458,57757,True,0,True,True,False,True,True,2.7660707925536432e-17,1.1102230246251565e-16,True,True,0.0002504511064162164,0.1245674740484429
validation,consolidating_unpaired_24h_5_0_0,3497979451,58158,True,0,True,True,False,True,True,4.082021179407924e-17,5.551115123125783e-17,True,True,0.00035829327206580373,0.08247422680412371
validation,consolidating_unpaired_24h_5_0_1,3760484716,58144,True,0,True,True,False,True,True,2.1751806085490433e-17,5.551115123125783e-17,True,True,0.00019764559325143494,0.10996563573883161
validation,consolidating_unpaired_24h_5_1_0,59715502,59245,True,0,True,True,False,True,True,2.89346454782069e-17,1.1102230246251565e-16,True,True,0.00016528627858769773,0.09764309764309764
validation,consolidating_unpaired_24h_5_1_1,392505472,58779,True,0,True,True,False,True,True,5.345116710353537e-17,1.1102230246251565e-16,True,True,0.00030566521585459163,0.11564625850340136
validation,consolidating_unpaired_24h_6_0_0,4191425340,58310,True,0,True,True,False,True,True,3.767602549387128e-17,5.551115123125783e-17,True,True,0.00034291644925993114,0.1232876712328767
validation,consolidating_unpaired_24h_6_0_1,3016129459,57962,True,0,True,True,False,True,True,2.0396553369883552e-17,5.551115123125783e-17,True,True,0.00018050641351764017,0.09655172413793103
validation,consolidating_unpaired_24h_6_1_0,958659607,58302,True,0,True,True,False,True,True,4.409992336584789e-17,1.1102230246251565e-16,True,True,0.0004086793637020482,0.05821917808219178
validation,consolidating_unpaired_24h_6_1_1,2838650237,57291,True,0,True,True,False,True,True,2.5275463146068322e-17,5.551115123125783e-17,True,True,0.0001478393837954163,0.14285714285714285
validation,consolidating_unpaired_24h_7_0_0,3053082263,58786,True,0,True,True,False,True,True,2.927345865710862e-17,5.551115123125783e-17,True,True,0.00025885191747225826,0.11564625850340136
validation,consolidating_unpaired_24h_7_0_1,4192868417,58577,True,0,True,True,False,True,True,3.7513395167998453e-17,1.1102230246251565e-16,True,True,0.00032679013167402285,0.11945392491467577
validation,consolidating_unpaired_24h_7_1_0,1959512671,57927,True,0,True,True,False,True,True,2.5234805564600116e-17,5.551115123125783e-17,True,True,0.00023065778780318575,0.06206896551724138
validation,consolidating_unpaired_24h_7_1_1,2749151037,58229,True,0,True,True,False,True,True,5.651403824080692e-17,1.1102230246251565e-16,True,True,0.00031846491926146504,0.11643835616438356
validation,consolidating_dan_silenced_0.5h_0_0_0,2046600796,59031,True,0,True,True,False,True,True,1.3209919269563386e-14,5.551115123125783e-17,True,True,0.06335417148331579,0.14527027027027026
validation,consolidating_dan_silenced_0.5h_0_0_1,204427949,59193,True,0,True,True,False,True,True,1.862485859982499e-14,5.551115123125783e-17,True,True,0.08567698479897885,0.19256756756756757
validation,consolidating_dan_silenced_0.5h_0_1_0,1065444778,58513,True,0,True,True,False,True,True,1.1193303228740348e-14,5.551115123125783e-17,True,True,0.04992929486680509,0.13993174061433447
validation,consolidating_dan_silenced_0.5h_0_1_1,678432241,58367,True,0,True,True,False,True,True,1.0620844481668001e-14,2.220446049250313e-16,True,True,0.04860461225603558,0.10616438356164383
validation,consolidating_dan_silenced_0.5h_1_0_0,4148844165,57504,True,0,True,True,False,True,True,1.1986939218999737e-14,5.551115123125783e-17,True,True,0.05773089471093383,0.13194444444444445
validation,consolidating_dan_silenced_0.5h_1_0_1,3234148742,58231,True,0,True,True,False,True,True,1.2672154992010576e-14,5.551115123125783e-17,True,True,0.044173866384028614,0.11986301369863013
validation,consolidating_dan_silenced_0.5h_1_1_0,3997465939,58450,True,0,True,True,False,True,True,1.56472057533108e-14,5.551115123125783e-17,True,True,0.0746403224245646,0.16723549488054607
validation,consolidating_dan_silenced_0.5h_1_1_1,3360132626,58157,True,0,True,True,False,True,True,1.6978606021123e-14,1.1102230246251565e-16,True,True,0.07043154643270232,0.13745704467353953
validation,consolidating_dan_silenced_0.5h_2_0_0,4147651584,57125,True,0,True,True,False,True,True,1.8305669480245257e-14,5.551115123125783e-17,True,True,0.08379440520939281,0.1048951048951049
validation,consolidating_dan_silenced_0.5h_2_0_1,95630636,57610,True,0,True,True,False,True,True,1.3197776205231548e-14,1.1102230246251565e-16,True,True,0.06396973816972341,0.11072664359861592
validation,consolidating_dan_silenced_0.5h_2_1_0,3075458248,58259,True,0,True,True,False,True,True,1.628211454551831e-14,5.551115123125783e-17,True,True,0.0678655232833422,0.1780821917808219
validation,consolidating_dan_silenced_0.5h_2_1_1,767230906,58546,True,0,True,True,False,True,True,8.887855729167171e-15,5.551115123125783e-17,True,True,0.0410557232654312,0.16382252559726962
validation,consolidating_dan_silenced_0.5h_3_0_0,201875808,58340,True,0,True,True,False,True,True,1.3089355987982998e-14,1.1102230246251565e-16,True,True,0.0628616908014375,0.11643835616438356
validation,consolidating_dan_silenced_0.5h_3_0_1,3138716298,1200000,True,0,True,True,True,True,True,1.4644535584196205e-14,1.1102230246251565e-16,True,True,0.007445205351777199,0.982
validation,consolidating_dan_silenced_0.5h_3_1_0,4270159337,57838,True,0,True,True,False,True,True,1.3498750728313524e-14,5.551115123125783e-17,True,True,0.05833611792542399,0.12758620689655173
validation,consolidating_dan_silenced_0.5h_3_1_1,3177802527,57718,True,0,True,True,False,True,True,1.4341826337638253e-14,5.551115123125783e-17,True,True,0.060944978374145635,0.17647058823529413
validation,consolidating_dan_silenced_0.5h_4_0_0,2305984112,58090,True,0,True,True,False,True,True,1.562552170986109e-14,2.220446049250313e-16,True,True,0.049888633983969644,0.15120274914089346
validation,consolidating_dan_silenced_0.5h_4_0_1,1299640593,58512,True,0,True,True,False,True,True,1.1856834958301476e-14,1.1102230246251565e-16,True,True,0.058550936013890525,0.05802047781569966
validation,consolidating_dan_silenced_0.5h_4_1_0,2650969915,57689,True,0,True,True,False,True,True,1.8009031765853223e-14,5.551115123125783e-17,True,True,0.07374318352323163,0.10380622837370242
validation,consolidating_dan_silenced_0.5h_4_1_1,3709404363,57619,True,0,True,True,False,True,True,1.3713856439334648e-14,5.551115123125783e-17,True,True,0.06012904675949138,0.1245674740484429
validation,consolidating_dan_silenced_0.5h_5_0_0,2346211502,58241,True,0,True,True,False,True,True,1.463586196681632e-14,5.551115123125783e-17,True,True,0.06918638430976279,0.17123287671232876
validation,consolidating_dan_silenced_0.5h_5_0_1,4049266915,58120,True,0,True,True,False,True,True,1.4890866317784912e-14,1.1102230246251565e-16,True,True,0.07231670457202503,0.08247422680412371
validation,consolidating_dan_silenced_0.5h_5_1_0,3288556352,57487,True,0,True,True,False,True,True,1.3486607663981687e-14,5.551115123125783e-17,True,True,0.057665074291315156,0.09722222222222222
validation,consolidating_dan_silenced_0.5h_5_1_1,3444848563,57954,True,0,True,True,False,True,True,1.61034380274927e-14,5.551115123125783e-17,True,True,0.06755177353334292,0.2413793103448276
validation,consolidating_dan_silenced_0.5h_6_0_0,1035317414,58050,True,0,True,True,False,True,True,1.9193847899945382e-14,1.1102230246251565e-16,True,True,0.08925454018440317,0.061855670103092786
validation,consolidating_dan_silenced_0.5h_6_0_1,572532418,59181,True,0,True,True,False,True,True,1.0629518099047885e-14,2.220446049250313e-16,True,True,0.03696908313646584,0.13851351351351351
validation,consolidating_dan_silenced_0.5h_6_1_0,2869614016,57324,True,0,True,True,False,True,True,1.8845168481274044e-14,5.551115123125783e-17,True,True,0.07491702747011823,0.12195121951219512
validation,consolidating_dan_silenced_0.5h_6_1_1,2608378978,59048,True,0,True,True,False,True,True,1.6447780637474096e-14,5.551115123125783e-17,True,True,0.0691819750983715,0.11148648648648649
validation,consolidating_dan_silenced_0.5h_7_0_0,2896998408,58295,True,0,True,True,False,True,True,1.2030307305899157e-14,1.1102230246251565e-16,True,True,0.04185308368655226,0.07876712328767123
validation,consolidating_dan_silenced_0.5h_7_0_1,1999389516,57610,True,0,True,True,False,True,True,1.458295290079903e-14,5.551115123125783e-17,True,True,0.06883434466990081,0.09688581314878893
validation,consolidating_dan_silenced_0.5h_7_1_0,1881724758,58314,True,0,True,True,False,True,True,1.0595690991266338e-14,5.551115123125783e-17,True,True,0.05306046897746208,0.0684931506849315
validation,consolidating_dan_silenced_0.5h_7_1_1,2954087296,57764,True,0,True,True,False,True,True,1.5607307113363333e-14,1.1102230246251565e-16,True,True,0.07295704463776476,0.13494809688581316
validation,consolidating_dan_silenced_24h_0_0_0,79600488,58718,True,0,True,True,False,True,True,4.423544863740858e-15,5.551115123125783e-17,True,True,0.00012064377590244505,0.09183673469387756
validation,consolidating_dan_silenced_24h_0_0_1,736540719,57384,True,0,True,True,False,True,True,8.243405957841787e-15,5.551115123125783e-17,True,True,0.00020813380011907716,0.0975609756097561
validation,consolidating_dan_silenced_24h_0_1_0,4096309296,58745,True,0,True,True,False,True,True,6.446232436729815e-15,1.1102230246251565e-16,True,True,0.00015983695881284564,0.12585034013605442
validation,consolidating_dan_silenced_24h_0_1_1,1279859245,58567,True,0,True,True,False,True,True,1.156713613781335e-14,5.551115123125783e-17,True,True,0.00026588354194313974,0.13651877133105803
validation,consolidating_dan_silenced_24h_1_0_0,457381992,57316,True,0,True,True,False,True,True,9.728329253277934e-15,5.551115123125783e-17,True,True,0.00016834448864278277,0.08013937282229965
validation,consolidating_dan_silenced_24h_1_0_1,1831561266,58483,True,0,True,True,False,True,True,5.2388648974499574e-15,5.551115123125783e-17,True,True,9.467046129838855e-05,0.14675767918088736
validation,consolidating_dan_silenced_24h_1_1_0,1576828645,57517,True,0,True,True,False,True,True,8.229528170033973e-15,1.1102230246251565e-16,True,True,0.00020731141416447624,0.1597222222222222
validation,consolidating_dan_silenced_24h_1_1_1,3762185218,57462,True,0,True,True,False,True,True,1.2205514376972815e-14,1.1102230246251565e-16,True,True,0.00025020522458733786,0.0625
validation,consolidating_dan_silenced_24h_2_0_0,2884202046,57851,True,0,True,True,False,True,True,5.266620473065586e-15,5.551115123125783e-17,True,True,0.00013986532468350654,0.16206896551724137
validation,consolidating_dan_silenced_24h_2_0_1,737404338,57527,True,0,True,True,False,True,True,7.143591274072492e-15,5.551115123125783e-17,True,True,0.00012768603993685396,0.07291666666666667
validation,consolidating_dan_silenced_24h_2_1_0,1420700594,57854,True,0,True,True,False,True,True,6.522560269672795e-15,5.551115123125783e-17,True,True,0.0001514231046283873,0.15172413793103448
validation,consolidating_dan_silenced_24h_2_1_1,4069101657,58756,True,0,True,True,False,True,True,5.773159728050814e-15,1.1102230246251565e-16,True,True,0.00014591339508472244,0.09523809523809523
validation,consolidating_dan_silenced_24h_3_0_0,244977469,58191,True,0,True,True,False,True,True,7.2476746826311e-15,1.1102230246251565e-16,True,True,0.00018508561696432003,0.19931271477663232
validation,consolidating_dan_silenced_24h_3_0_1,2379347578,58091,True,0,True,True,False,True,True,6.192962809237201e-15,5.551115123125783e-17,True,True,0.00016700279778140422,0.140893470790378
validation,consolidating_dan_silenced_24h_3_1_0,904073731,58760,True,0,True,True,False,True,True,8.180955912706622e-15,1.1102230246251565e-16,True,True,0.00019266936117947266,0.11224489795918367
validation,consolidating_dan_silenced_24h_3_1_1,217496214,58019,True,0,True,True,False,True,True,5.703770789011742e-15,5.551115123125783e-17,True,True,0.00013982296792914523,0.07560137457044673
validation,consolidating_dan_silenced_24h_4_0_0,669636433,58045,True,0,True,True,False,True,True,5.818262538426211e-15,1.1102230246251565e-16,True,True,0.00015284264784525665,0.09621993127147767
validation,consolidating_dan_silenced_24h_4_0_1,510390590,59091,True,0,True,True,False,True,True,8.451572774959004e-15,5.551115123125783e-17,True,True,0.0002224913616576883,0.12162162162162163
validation,consolidating_dan_silenced_24h_4_1_0,978828708,58719,True,0,True,True,False,True,True,6.161737786669619e-15,5.551115123125783e-17,True,True,0.0001465528133531822,0.1598639455782313
validation,consolidating_dan_silenced_24h_4_1_1,772800824,57765,True,0,True,True,False,True,True,7.039507865513883e-15,5.551115123125783e-17,True,True,0.0001768135539368066,0.12110726643598616
validation,consolidating_dan_silenced_24h_5_0_0,3127381950,57982,True,0,True,True,False,True,True,9.499345754448996e-15,5.551115123125783e-17,True,True,0.00023633495755624755,0.16206896551724137
validation,consolidating_dan_silenced_24h_5_0_1,4100262704,58403,True,0,True,True,False,True,True,7.414208136324874e-15,1.1102230246251565e-16,True,True,0.00018998435789823321,0.06825938566552901
validation,consolidating_dan_silenced_24h_5_1_0,4045040870,59608,True,0,True,True,False,True,True,6.855627177060342e-15,5.551115123125783e-17,True,True,0.00016797712358088387,0.07357859531772576
validation,consolidating_dan_silenced_24h_5_1_1,1066171436,57198,True,0,True,True,False,True,True,8.930356454328603e-15,5.551115123125783e-17,True,True,0.00022158887927590064,0.06643356643356643
validation,consolidating_dan_silenced_24h_6_0_0,2962919943,59320,True,0,True,True,False,True,True,6.3074545586516706e-15,1.1102230246251565e-16,True,True,0.00016937649873093475,0.15151515151515152
validation,consolidating_dan_silenced_24h_6_0_1,604624521,58467,True,0,True,True,False,True,True,7.70911112724093e-15,1.1102230246251565e-16,True,True,0.00013733808059293064,0.12286689419795221
validation,consolidating_dan_silenced_24h_6_1_0,3241363314,1200000,True,0,True,True,True,True,True,5.412337245047638e-15,5.551115123125783e-17,True,True,8.675685713754696e-06,0.9773333333333334
validation,consolidating_dan_silenced_24h_6_1_1,1082788952,57697,True,0,True,True,False,True,True,9.56179579958416e-15,1.1102230246251565e-16,True,True,0.0002149048812578455,0.08650519031141868
validation,consolidating_dan_silenced_24h_7_0_0,4082569095,57601,True,0,True,True,False,True,True,8.715250743307479e-15,1.1102230246251565e-16,True,True,0.00014871554943340006,0.09688581314878893
validation,consolidating_dan_silenced_24h_7_0_1,993098889,57644,True,0,True,True,False,True,True,9.91567938868343e-15,5.551115123125783e-17,True,True,0.00024278849278055035,0.14878892733564014
validation,consolidating_dan_silenced_24h_7_1_0,847689071,57204,True,0,True,True,False,True,True,8.132383655379272e-15,5.551115123125783e-17,True,True,0.00018101817846694006,0.11149825783972125
validation,consolidating_dan_silenced_24h_7_1_1,1912528780,58567,True,0,True,True,False,True,True,7.903400156550333e-15,5.551115123125783e-17,True,True,0.00018082065248080476,0.19795221843003413
