condition,fly_id,choice,completed,latency_s,distance_mm,odor_b_side,random_seed,circuit_seed,last_x_mm,last_y_mm,weight_a,weight_b,physical_training,physics_ticks,control_updates
dan_silenced,0,B,True,1.1913,28.740993839752644,right,3329053876,3645748255,16.74629264314519,-2.5007172407796077,0.0,0.555733971191482,False,11913,420
dan_silenced,1,B,True,0.8625,21.09663730327359,right,2134191843,3792606954,12.00074151700304,-2.60644267488237,0.0,0.5372747851975769,False,8625,387
dan_silenced,2,B,True,0.8585,20.99150615123948,right,2436437895,1151155471,12.052528000335196,-2.5001887925559565,0.0,0.544927240896571,False,8585,386
dan_silenced,3,A,True,0.8659,21.17240167433416,right,13771258,2682531787,12.001325635044761,2.6916381314011346,0.0,0.55400211871458,False,8659,387
dan_silenced,4,B,True,0.9756,23.721201935447066,right,1462229373,3921964068,12.000770589864471,-5.626549840900357,0.0,0.5450723061840478,False,9756,398
dan_silenced,5,B,True,1.4400000000000002,34.43760302220954,right,2248537184,3855881369,20.42062319123445,-2.502078552324744,0.0,0.5546511998616763,False,14400,444
dan_silenced,6,none,False,,47.734611264929754,left,2188516665,429466934,28.067868063861322,2.2251118533500005,0.0,0.5580886745442423,False,20000,500
dan_silenced,7,A,True,0.9374,22.857446449667894,right,2737586632,4072755056,12.003212221609807,5.5802552665635625,0.0,0.5802506557125003,False,9374,394
dan_silenced,8,A,True,0.9404,22.926840895889267,left,1636764939,2234664573,13.149777700676465,-2.5016295974431175,0.0,0.5392199618385041,False,9404,395
dan_silenced,9,A,True,0.9463,23.062074649063145,left,4029204688,2943480381,13.384219790904966,-2.500017859850464,0.0,0.5384491948334147,False,9463,395
dan_silenced,10,B,True,1.0986,26.56541800626655,right,2052318847,3610168554,15.07774975618352,-2.5001082744401963,0.0,0.5552478378830252,False,10986,410
dan_silenced,11,none,False,,47.57657240094492,right,754147613,4083946371,28.6319465561874,-0.8028204839776093,0.0,0.5248138792215905,False,20000,500
dan_silenced,12,A,True,0.9439000000000001,22.95559227641638,left,2638278883,2512852426,12.894472907259383,-2.500179735015111,0.0,0.554333564300758,False,9439,395
dan_silenced,13,A,True,0.9038,22.14178080915617,left,100706267,2334542786,12.000599700140182,-4.69561248587413,0.0,0.5451441007716141,False,9038,391
dan_silenced,14,A,True,0.8669,21.173277189141306,right,3282634134,2195313851,12.000746675597934,3.058683907774912,0.0,0.5515219827612873,False,8669,387
dan_silenced,15,A,True,1.6695,39.72085499706097,left,2546732002,2411233229,23.664979377331257,-2.5003204332223854,0.0,0.540127905796494,False,16695,467
dan_silenced,16,A,True,0.9834,23.99615432251314,right,3659993424,1140446677,13.862103281956102,2.502196009441914,0.0,0.5452407739475033,False,9834,399
dan_silenced,17,A,True,0.8981,22.08350586759069,left,3998299522,3045367934,12.001544009793466,-4.352134009039002,0.0,0.5813406824482824,False,8981,390
dan_silenced,18,B,True,1.3941000000000001,33.410311685453365,left,569373386,2318598388,19.467195027042322,2.5001570555727057,0.0,0.5552669360674545,False,13941,440
dan_silenced,19,none,False,,47.576106073912754,right,3274451997,1847994383,28.06840667149019,1.8052380259831613,0.0,0.5914033653870624,False,20000,500
dan_silenced,20,A,True,1.7127000000000001,40.75436915006157,right,2919912252,3532647606,24.065339872656995,2.500559179913421,0.0,0.5592254166558642,False,17127,472
dan_silenced,21,A,True,1.5249000000000001,36.53610839394455,left,4058920394,3253952273,21.7907652193554,-2.500800210414052,0.0,0.5555426173946998,False,15249,453
dan_silenced,22,A,True,1.0178,24.491404097080864,right,2123970655,3662084313,12.001418254717775,7.226456369442493,0.0,0.5939279763898493,False,10178,402
dan_silenced,23,none,False,,47.59979957588091,left,3415289622,1290198544,28.459336699188245,0.7739039376085791,0.0,0.530937142209273,False,20000,500
dan_silenced,24,A,True,0.8587,21.143648929294493,right,1910202036,720826952,12.000563840433726,2.7130394764137815,0.0,0.556862065708038,False,8587,386
dan_silenced,25,B,True,0.8688,21.265841987957092,left,3947137033,3554254871,12.0001312488422,2.54271982274332,0.0,0.5390135651561884,False,8688,387
dan_silenced,26,A,True,0.8848,21.62877852367799,right,1396475382,2772708567,12.000693722105842,3.0807234976386653,0.0,0.5634243707563035,False,8848,389
dan_silenced,27,none,False,,47.58298918993,right,3420411494,2524977041,28.898521294330056,0.47669575993772023,0.0,0.5449820982536578,False,20000,500
dan_silenced,28,A,True,1.3115,31.53306882444964,right,3049812762,1457771103,18.279133470050258,2.502651653691203,0.0,0.5482539254157259,False,13115,432
dan_silenced,29,B,True,0.8924000000000001,21.787341566232772,right,3459555230,725354768,12.003087033017366,-3.8930714140288725,0.0,0.5678496986234219,False,8924,390
dan_silenced,30,B,True,0.8609,21.23106059858299,left,2446441635,2160239723,12.001534776774053,2.7728248725241618,0.0,0.5582896971703027,False,8609,387
dan_silenced,31,A,True,0.9481,23.229544027985867,right,730038600,3248186979,12.000134963016544,5.933332870815714,0.0,0.565635450905584,False,9481,395
dan_silenced,32,A,True,1.1063,26.789211724264195,left,3616012249,3212606671,15.56972519010734,-2.5024077239937426,0.0,0.5737118371509545,False,11063,411
dan_silenced,33,B,True,0.882,21.53876897939831,right,2600025322,4248454044,12.0015021252006,-3.5174152552228595,0.0,0.5465790391937904,False,8820,389
dan_silenced,34,none,False,,47.59117654729283,right,4161493998,4137236358,28.874168350524766,1.3455767899999713,0.0,0.5486626363061716,False,20000,500
dan_silenced,35,B,True,0.9453,22.907856175705554,right,622810370,2418480088,12.000575947220266,-5.196393342184164,0.0,0.5303756275048461,False,9453,395
dan_silenced,36,B,True,1.4389,34.479346159972785,right,3205717296,1725745693,20.433789545281527,-2.50081323110588,0.0,0.5826525029520302,False,14389,444
dan_silenced,37,A,True,0.9267000000000001,22.705995303016568,right,2641484167,2232530563,12.000995350708049,5.160632574530766,0.0,0.5516590205216595,False,9267,393
dan_silenced,38,A,True,1.1498000000000002,27.790020370738578,right,485281044,4041841091,16.090483788918693,2.5019053652018233,0.0,0.5895689036686186,False,11498,415
dan_silenced,39,B,True,0.8988,22.067681818036352,right,1220856037,1985799328,12.000331413630189,-4.666466312256792,0.0,0.5278405390315237,False,8988,390
dan_silenced,40,B,True,1.5611000000000002,37.20764092035545,left,2712757873,3806212997,20.570116962122288,2.501334225009781,0.0,0.551913458203127,False,15611,457
dan_silenced,41,A,True,0.9381,22.8299042173622,left,633531394,3071536981,13.19891985886822,-2.502912022448411,0.0,0.5167413376734672,False,9381,394
dan_silenced,42,none,False,,47.520412211731234,right,1088153248,896331821,28.698497974235227,-0.8966409487064636,0.0,0.5778738151580802,False,20000,500
dan_silenced,43,A,True,0.9058,22.187449908281057,right,2276546063,658987709,12.002389534357334,4.38675027352737,0.0,0.5486392311681991,False,9058,391
dan_silenced,44,none,False,,47.405388492360224,left,2066014223,274102084,8.518824244566535,-22.91807176005017,0.0,0.5482853163844758,False,20000,500
dan_silenced,45,B,True,1.024,24.989530534880206,left,1516483357,3398928728,12.001591991071574,7.554210033404661,0.0,0.5488227501322142,False,10240,403
dan_silenced,46,B,True,1.1067,26.778959462101348,right,3579417510,1392708965,15.69350113275629,-2.500485302976968,0.0,0.5675285288719261,False,11067,411
dan_silenced,47,A,True,0.9388000000000001,22.849403787731717,left,2275190673,2909142015,13.04032056808028,-2.502557430066684,0.0,0.559475244915053,False,9388,394
dan_silenced,48,A,True,0.897,22.02579983102118,left,1630219979,672405161,12.000957132510514,-4.362391605477339,0.0,0.5597688907906426,False,8970,390
dan_silenced,49,B,True,0.8645,21.12966350521737,right,706415061,3909842278,12.000131622774346,-2.892955436503948,0.0,0.574565009691776,False,8645,387
dan_silenced,50,B,True,0.9025000000000001,21.985175282470145,right,3138274473,1013113302,12.000630508019881,-4.115329074860989,0.0,0.5632288595883862,False,9025,391
dan_silenced,51,A,True,0.8897,21.649785644977662,right,1980167153,2947531972,12.000209388420016,3.2073902780046657,0.0,0.5833294768519514,False,8897,389
dan_silenced,52,A,True,0.8972,21.95101582534289,left,4070402233,892660040,12.000822689480675,-3.995244098720029,0.0,0.5394359180498556,False,8972,390
dan_silenced,53,none,False,,47.49847790137693,left,328832613,3744134835,28.772607897289664,0.8073431061868069,0.0,0.5687002064546735,False,20000,500
dan_silenced,54,B,True,0.8909,21.736904168652828,right,834337713,3666744667,12.0017995250341,-3.8831315818104906,0.0,0.5683969415859702,False,8909,390
dan_silenced,55,B,True,1.6434,39.123373500292274,left,3049214328,1521226472,23.080694269149483,2.5005806560473585,0.0,0.566486058131204,False,16434,465
dan_silenced,56,B,True,0.8628,21.205650618159115,right,3951773225,3056960700,12.001380749552538,-2.9441706376816144,0.0,0.5673095271218801,False,8628,387
dan_silenced,57,none,False,,47.55292429619677,right,2629079482,2215744648,28.725682651252825,1.0612031443070795,0.0,0.5575702698407695,False,20000,500
dan_silenced,58,none,False,,47.52875208787508,right,3010758147,1006714667,28.728268769729482,-1.6755071024438033,0.0,0.5504201201594606,False,20000,500
dan_silenced,59,B,True,0.8674000000000001,21.35182118390777,left,3158119741,1816007316,12.001048374691713,3.3863121653010717,0.0,0.5713878322901921,False,8674,387
dan_silenced,60,B,True,1.1841000000000002,28.455936160390134,right,3188843761,1579432102,16.530733453590738,-2.500954431877738,0.0,0.6043273763559323,False,11841,419
dan_silenced,61,A,True,0.894,21.910166555015763,left,3456494746,1483076116,12.000496611712446,-4.185799597213201,0.0,0.5347103998602263,False,8940,390
dan_silenced,62,A,True,0.8652000000000001,21.177617645537783,left,944279951,2193072251,12.00216919451023,-3.142022264023199,0.0,0.5027171264513637,False,8652,387
dan_silenced,63,A,True,0.9087000000000001,22.315622441099663,right,1479905570,3767519229,12.002257647824484,4.395942455011649,0.0,0.5394743626007797,False,9087,391
dan_silenced,64,B,True,1.2606000000000002,30.369034675326805,right,2036277379,1094266117,17.23594621373732,-2.5011192254519767,0.0,0.5349158112060243,False,12606,427
dan_silenced,65,A,True,1.1747,28.32182870822168,left,1470027206,3757366323,16.437694092757976,-2.5011930938481606,0.0,0.5784508030276169,False,11747,418
dan_silenced,66,B,True,1.0242,24.829604329089392,right,1374813668,2392439481,14.488526566657884,-2.502596899764112,0.0,0.5757612855721009,False,10242,403
dan_silenced,67,none,False,,47.405952283496845,left,4080420000,218281041,28.19206300049186,1.5787699250108589,0.0,0.5326970635518494,False,20000,500
dan_silenced,68,A,True,1.3154000000000001,31.575106869190073,right,3746590987,959691297,18.714663414469076,2.5026416465329784,0.0,0.5651739063271032,False,13154,432
dan_silenced,69,B,True,1.6732,39.92823803996056,right,2158745784,1690609082,22.684369836385898,-2.501748028140022,0.0,0.587004155907388,False,16732,468
dan_silenced,70,A,True,0.9749000000000001,23.521258663420173,right,3861488491,1708805489,13.47211144947755,2.50012282868053,0.0,0.5562669869795809,False,9749,398
dan_silenced,71,A,True,0.9056000000000001,22.230738656356202,left,4164469502,2399240085,12.001491237934912,-4.762141881200176,0.0,0.5778893498791463,False,9056,391
dan_silenced,72,B,True,0.8919,21.54189619094984,left,2151306975,2902438991,12.000216864036206,2.661459250638575,0.0,0.5712646224804994,False,8919,390
dan_silenced,73,A,True,0.864,21.18322878376557,right,4245289137,43006758,12.118944517830357,2.5009909884766968,0.0,0.5466947920763058,False,8640,387
dan_silenced,74,B,True,0.8679,21.256554706364167,right,3215817099,1263535561,12.001131290445874,-3.130900373391791,0.0,0.5650228548196133,False,8679,387
dan_silenced,75,A,True,1.5188000000000001,36.235395397848244,left,3619142548,3833757483,21.479444996434964,-2.5016889455596165,0.0,0.5482248204533963,False,15188,452
dan_silenced,76,A,True,0.9073,22.436081290922807,right,3352373413,1524759676,12.001960921303969,4.7858184946032685,0.0,0.5598875673644632,False,9073,391
dan_silenced,77,A,True,1.3863,33.14868237913889,right,2270059575,1800055429,19.532341666268103,2.5000540463607583,0.0,0.54911671730356,False,13863,439
dan_silenced,78,A,True,0.9251,22.61104961368554,right,4215025749,1094408144,12.001430658420364,4.840707739760259,0.0,0.5484772212141839,False,9251,393
dan_silenced,79,B,True,1.0653000000000001,25.77215190285625,left,3517361075,1063757154,15.023002783939852,2.5004601793256516,0.0,0.5718338921699767,False,10653,407
dan_silenced,80,B,True,0.8649,21.059401889040323,right,3137849055,950429876,12.000710404745286,-2.743015915989815,0.0,0.5807382232004481,False,8649,387
dan_silenced,81,A,True,1.8551000000000002,44.14684213533162,left,3859339721,2283086162,26.47217210796275,-2.5023339818270904,0.0,0.5705125072939897,False,18551,486
dan_silenced,82,A,True,1.2292,29.724861810171454,right,1045761623,2891344451,17.213675899031205,2.5008823532553377,0.0,0.5781839811403487,False,12292,423
dan_silenced,83,A,True,0.863,21.077055036468344,left,129141916,874976044,12.001255867646753,-2.926591612703453,0.0,0.562901097093775,False,8630,387
dan_silenced,84,A,True,1.3923,33.4558119118425,right,1358304359,2431437251,19.86467697814428,2.5008074256186954,0.0,0.5597194534168044,False,13923,440
dan_silenced,85,B,True,0.8899,21.69532800054421,right,1160040151,1246620523,12.00150049829892,-3.70465777486056,0.0,0.5472199309224407,False,8899,389
dan_silenced,86,A,True,1.0288000000000002,24.987769285383877,left,3319902823,1794939957,14.555889233472408,-2.500058176130409,0.0,0.5741763234784927,False,10288,403
dan_silenced,87,B,True,1.7737,42.42893597299852,right,1520562430,4263963038,25.385159190867896,-2.501962954457205,0.0,0.532677521626106,False,17737,478
dan_silenced,88,B,True,0.9239,22.434293807181884,right,1977745978,2277999520,12.672353990385927,-2.5007296392992426,0.0,0.5833393351458466,False,9239,393
dan_silenced,89,A,True,0.8607,21.042140744374922,left,2865872142,1793865271,12.00116761754539,-2.703525262468366,0.0,0.5555060241427273,False,8607,387
dan_silenced,90,A,True,1.1937,28.834568379854023,left,3272529857,3987542055,16.98754001880895,-2.5001428476899923,0.0,0.5789711386701545,False,11937,420
dan_silenced,91,B,True,0.8702000000000001,21.30632566839524,right,3267188114,459195337,12.000356185748938,-3.433767869337359,0.0,0.5799439559761485,False,8702,388
dan_silenced,92,B,True,0.8605,21.161668232690985,right,2665928188,1979079933,12.001115056590077,-2.5730712307546333,0.0,0.5609998786515594,False,8605,387
dan_silenced,93,A,True,0.8982,21.97131826800493,right,3587363441,3826631231,12.214920873442171,2.5030378369400688,0.0,0.5589198135368019,False,8982,390
dan_silenced,94,B,True,0.8934000000000001,21.76416964439042,right,366268514,3484850979,12.001173387093704,-3.865730439843754,0.0,0.5687209835757001,False,8934,390
dan_silenced,95,none,False,,47.69569546714764,right,441034353,3911080589,27.800602830080027,-2.4144967688914316,0.0,0.5788117415004493,False,20000,500
dan_silenced,96,A,True,1.441,34.57110649041563,left,1514530970,2063034652,20.471048402689586,-2.502252529386051,0.0,0.5213664486318775,False,14410,445
dan_silenced,97,B,True,1.185,28.55581245379619,right,801634323,869938001,16.607550682018275,-2.5021125263996065,0.0,0.5312159920359546,False,11850,419
dan_silenced,98,B,True,0.9217000000000001,22.346606270594037,right,3748907106,411485570,12.8377018541494,-2.5010273406853907,0.0,0.5398923653076194,False,9217,393
dan_silenced,99,none,False,,47.5139422143062,right,2992951274,3925740632,28.238423364041175,-0.03783591917051683,0.0,0.5458431038198873,False,20000,500
paired,0,B,True,0.8779,21.457817953585494,right,3329053876,3645748255,12.001082369111975,-2.7656876478836834,0.0,0.555733971191482,False,8779,388
paired,1,B,True,0.9005000000000001,22.065575983190108,right,2134191843,3792606954,12.00148534345734,-4.141259066852211,0.0,0.5372747851975769,False,9005,391
paired,2,B,True,0.8926000000000001,21.804636952822793,right,2436437895,1151155471,12.00189128834472,-3.9875152196519026,0.0,0.544927240896571,False,8926,390
paired,3,none,False,,47.51528715052341,right,13771258,2682531787,28.7381590728562,1.6727116538129478,0.0,0.55400211871458,False,20000,500
paired,4,B,True,1.3073000000000001,31.37459610007294,right,1462229373,3921964068,12.000567522707666,-11.70514110951544,0.0,0.5450723061840478,False,13073,431
paired,5,B,True,0.8695,21.2690183529181,right,2248537184,3855881369,12.00013938440795,-3.5092132472108846,0.0,0.5546511998616763,False,8695,387
paired,6,B,True,0.8969,21.965796403843882,left,2188516665,429466934,12.581958209105006,2.5004793903673903,0.0,0.5580886745442423,False,8969,390
paired,7,A,True,0.9057000000000001,22.16284107440634,right,2737586632,4072755056,12.002354616754046,4.566365967304938,0.0,0.5802506557125003,False,9057,391
paired,8,A,True,1.5202,36.457267759288136,left,1636764939,2234664573,21.6730347068645,-2.5018986712149074,0.0,0.5392199618385041,False,15202,453
paired,9,B,True,1.8094000000000001,43.07102376242549,left,4029204688,2943480381,24.91098981098854,2.5033903433113527,0.0,0.5384491948334147,False,18094,481
paired,10,B,True,0.8914000000000001,21.54790886502,right,2052318847,3610168554,12.001991994568355,-2.8042460471988893,0.0,0.5552478378830252,False,8914,390
paired,11,B,True,0.8692000000000001,21.25073627111482,right,754147613,4083946371,12.000396325799914,-3.2227809450993954,0.0,0.5248138792215905,False,8692,387
paired,12,A,True,1.2776,30.80865762287246,left,2638278883,2512852426,17.852011315244514,-2.500708532390769,0.0,0.554333564300758,False,12776,428
paired,13,A,True,0.8826,21.58309342523375,left,100706267,2334542786,12.00129267222414,-3.7391667521187784,0.0,0.5451441007716141,False,8826,389
paired,14,A,True,0.9806,23.88342426541037,right,3282634134,2195313851,13.816381642824487,2.503180804566878,0.0,0.5515219827612873,False,9806,399
paired,15,B,True,1.0638,25.799487737497522,left,2546732002,2411233229,14.995075309893556,2.5007765189589874,0.0,0.540127905796494,False,10638,407
paired,16,none,False,,47.65646404476543,right,3659993424,1140446677,28.606833165633677,0.07724774098515355,0.0,0.5452407739475033,False,20000,500
paired,17,A,True,0.8832000000000001,21.60765254318744,left,3998299522,3045367934,12.001310643816911,-3.4322930685859063,0.0,0.5813406824482824,False,8832,389
paired,18,B,True,0.9637,23.382262708352243,left,569373386,2318598388,12.997040159159068,2.5005966839438596,0.0,0.5552669360674545,False,9637,397
paired,19,B,True,0.8872,21.581039868550878,right,3274451997,1847994383,12.000536529631448,-3.5606623894104388,0.0,0.5914033653870624,False,8872,389
paired,20,B,True,1.1021,26.51959710806492,right,2919912252,3532647606,15.35406069735176,-2.5005313420405444,0.0,0.5592254166558642,False,11021,411
paired,21,B,True,1.1463,27.75937659388058,left,4058920394,3253952273,16.258335434693148,2.5023968420145146,0.0,0.5555426173946998,False,11463,415
paired,22,A,True,0.9478000000000001,22.812495600621673,right,2123970655,3662084313,12.000429415864238,5.450292969789944,0.0,0.5939279763898493,False,9478,395
paired,23,B,True,1.1526,27.946826763524864,left,3415289622,1290198544,16.312683224581562,2.500415765696559,0.0,0.530937142209273,False,11526,416
paired,24,B,True,1.5056,36.108554496889816,right,1910202036,720826952,20.40416787693414,-2.500211030340529,0.0,0.556862065708038,False,15056,451
paired,25,B,True,0.9344,22.82060767605378,left,3947137033,3554254871,12.002005174025133,4.580313310453658,0.0,0.5390135651561884,False,9344,394
paired,26,A,True,1.0687,25.986448516182254,right,1396475382,2772708567,15.057947247433471,2.501103357344438,0.0,0.5634243707563035,False,10687,407
paired,27,B,True,0.8594,21.07018376410533,right,3420411494,2524977041,12.00098196807617,-2.8450874560083474,0.0,0.5449820982536578,False,8594,386
paired,28,none,False,,47.39279338161713,right,3049812762,1457771103,28.57480511470573,-0.3141126598037529,0.0,0.5482539254157259,False,20000,500
paired,29,B,True,0.9731000000000001,23.584214407597848,right,3459555230,725354768,12.000853245479066,-6.385611907009008,0.0,0.5678496986234219,False,9731,398
paired,30,B,True,0.9255,22.686132303131313,left,2446441635,2160239723,12.001263030931744,5.036061165330998,0.0,0.5582896971703027,False,9255,393
paired,31,A,True,0.921,22.489073618796354,right,730038600,3248186979,12.000846623535093,4.899156132698036,0.0,0.565635450905584,False,9210,393
paired,32,B,True,1.736,41.407911969079244,left,3616012249,3212606671,24.66595945483667,2.500885845345428,0.0,0.5737118371509545,False,17360,474
paired,33,B,True,0.9332,22.70755534722668,right,2600025322,4248454044,12.001016991553056,-5.510683209108563,0.0,0.5465790391937904,False,9332,394
paired,34,B,True,1.1091,26.89086121837508,right,4161493998,4137236358,15.704877973642134,-2.5015361358252153,0.0,0.5486626363061716,False,11091,411
paired,35,B,True,1.0471000000000001,25.311464021880976,right,622810370,2418480088,12.002034949542674,-7.489546324622065,0.0,0.5303756275048461,False,10471,405
paired,36,B,True,0.8649,21.11698061755892,right,3205717296,1725745693,12.001457056782785,-3.1190140657275736,0.0,0.5826525029520302,False,8649,387
paired,37,A,True,0.8939,21.88921664992499,right,2641484167,2232530563,12.001462612374668,4.0563423475029765,0.0,0.5516590205216595,False,8939,390
paired,38,none,False,,47.52892845071605,right,485281044,4041841091,28.819434901168382,-1.0082299456559585,0.0,0.5895689036686186,False,20000,500
paired,39,B,True,1.0481,25.57775634878496,right,1220856037,1985799328,12.001121386492171,-8.530906741470758,0.0,0.5278405390315237,False,10481,405
paired,40,B,True,1.2983,31.154112712423267,left,2712757873,3806212997,17.58351192032105,2.5003516722976467,0.0,0.551913458203127,False,12983,430
paired,41,none,False,,47.45945015231087,left,633531394,3071536981,28.690431665055577,-1.2006249150636021,0.0,0.5167413376734672,False,20000,500
paired,42,B,True,1.0234,24.918154609131005,right,1088153248,896331821,14.424776361865678,-2.500098207586764,0.0,0.5778738151580802,False,10234,403
paired,43,A,True,0.8925000000000001,21.789116485476736,right,2276546063,658987709,12.425921282892558,2.5016004778353804,0.0,0.5486392311681991,False,8925,390
paired,44,none,False,,47.30653806234974,left,2066014223,274102084,10.811212942681571,-21.971136609875707,0.0,0.5482853163844758,False,20000,500
paired,45,B,True,1.7756,42.548575849380136,left,1516483357,3398928728,12.000485943871668,20.153245100388805,0.0,0.5488227501322142,False,17756,478
paired,46,B,True,0.8797,21.520545831133983,right,3579417510,1392708965,12.001466374319365,-3.3556644830223252,0.0,0.5675285288719261,False,8797,388
paired,47,B,True,1.729,41.12070689221247,left,2275190673,2909142015,24.25579384592818,2.5029225154252424,0.0,0.559475244915053,False,17290,473
paired,48,A,True,0.8845000000000001,21.55516045806146,left,1630219979,672405161,12.001504523044206,-3.4479613353973013,0.0,0.5597688907906426,False,8845,389
paired,49,B,True,0.8971,21.931507728041147,right,706415061,3909842278,12.000276468817647,-4.554383149885133,0.0,0.574565009691776,False,8971,390
paired,50,B,True,0.9768,23.84291881946254,right,3138274473,1013113302,12.00241511055248,-6.920912635037667,0.0,0.5632288595883862,False,9768,398
paired,51,A,True,0.9839,23.96239416093572,right,1980167153,2947531972,13.785863856056231,2.500738353430398,0.0,0.5833294768519514,False,9839,399
paired,52,A,True,0.9216000000000001,22.452349244753435,left,4070402233,892660040,12.779732921911043,-2.5006388909156576,0.0,0.5394359180498556,False,9216,393
paired,53,B,True,0.9822000000000001,23.90113851698802,left,328832613,3744134835,13.550628176750536,2.5014248278946467,0.0,0.5687002064546735,False,9822,399
paired,54,B,True,0.9482,23.264350677758664,right,834337713,3666744667,12.001281565884836,-6.335117594665449,0.0,0.5683969415859702,False,9482,395
paired,55,B,True,1.0570000000000002,25.357620434164698,left,3049214328,1521226472,14.17512179948999,2.500121562957037,0.0,0.566486058131204,False,10570,406
paired,56,B,True,0.8988,22.093351507612386,right,3951773225,3056960700,12.001570629066855,-4.382178669619055,0.0,0.5673095271218801,False,8988,390
paired,57,B,True,0.8553000000000001,20.94661103346129,right,2629079482,2215744648,12.000654709435494,-2.6434131041188103,0.0,0.5575702698407695,False,8553,386
paired,58,B,True,0.8598,21.06623879875074,right,3010758147,1006714667,12.000239166561718,-2.897389899919336,0.0,0.5504201201594606,False,8598,386
paired,59,B,True,0.9384,23.05381280498851,left,3158119741,1816007316,12.000168874842688,5.69920971806878,0.0,0.5713878322901921,False,9384,394
paired,60,B,True,0.8663000000000001,21.202176868623,right,3188843761,1579432102,12.002193898150038,-3.290213670435272,0.0,0.6043273763559323,False,8663,387
paired,61,A,True,0.8667,21.163166478686446,left,3456494746,1483076116,12.001069227806314,-3.2288950225286093,0.0,0.5347103998602263,False,8667,387
paired,62,A,True,1.3455000000000001,32.21409542228839,left,944279951,2193072251,18.881927491103067,-2.500134881577615,0.0,0.5027171264513637,False,13455,435
paired,63,A,True,0.8941,21.879704322113316,right,1479905570,3767519229,12.44361209435875,2.5035521512372076,0.0,0.5394743626007797,False,8941,390
paired,64,B,True,0.9982000000000001,24.291149520903282,right,2036277379,1094266117,13.767829259833679,-2.5003578082763793,0.0,0.5349158112060243,False,9982,400
paired,65,none,False,,47.56412874384184,left,1470027206,3757366323,28.769759925635213,0.39873007464427046,0.0,0.5784508030276169,False,20000,500
paired,66,B,True,0.8819,21.498983463338927,right,1374813668,2392439481,12.000080654178436,-3.650119322436202,0.0,0.5757612855721009,False,8819,389
paired,67,B,True,1.2323,29.61226992083366,left,4080420000,218281041,17.09302997017532,2.5027155935481673,0.0,0.5326970635518494,False,12323,424
paired,68,none,False,,47.46969532521285,right,3746590987,959691297,28.726785157795895,-0.6327449362820692,0.0,0.5651739063271032,False,20000,500
paired,69,B,True,1.2759,30.68064020853979,right,2158745784,1690609082,17.745863943985476,-2.50190633007743,0.0,0.587004155907388,False,12759,428
paired,70,B,True,1.4425000000000001,34.59011081508297,right,3861488491,1708805489,19.839532969496684,-2.5013018521559256,0.0,0.5562669869795809,False,14425,445
paired,71,A,True,0.883,21.61723573736607,left,4164469502,2399240085,12.001048388166877,-3.6353445286428006,0.0,0.5778893498791463,False,8830,389
paired,72,B,True,0.9391,22.798808586230933,left,2151306975,2902438991,12.000275366318453,4.500980769170936,0.0,0.5712646224804994,False,9391,394
paired,73,A,True,1.3860000000000001,33.18331141914274,right,4245289137,43006758,19.69494261542692,2.5001966193276433,0.0,0.5466947920763058,False,13860,439
paired,74,B,True,0.9077000000000001,22.262279812626094,right,3215817099,1263535561,12.000586290200763,-4.879005496833657,0.0,0.5650228548196133,False,9077,391
paired,75,B,True,1.6478000000000002,39.29589657893644,left,3619142548,3833757483,23.277564065865263,2.502705397017959,0.0,0.5482248204533963,False,16478,465
paired,76,A,True,0.8688,21.432637560701725,right,3352373413,1524759676,12.000308842243468,3.206159991108161,0.0,0.5598875673644632,False,8688,387
paired,77,none,False,,47.589363085799555,right,2270059575,1800055429,28.719591458522313,-0.9746108797783315,0.0,0.54911671730356,False,20000,500
paired,78,A,True,0.8653000000000001,21.182321479556197,right,4215025749,1094408144,12.000548201205635,2.966996063912568,0.0,0.5484772212141839,False,8653,387
paired,79,B,True,0.8928,21.725835457624456,left,3517361075,1063757154,12.002585563620352,3.6660210186965037,0.0,0.5718338921699767,False,8928,390
paired,80,B,True,0.8955000000000001,21.98119905057558,right,3137849055,950429876,12.002039245462612,-4.10840470380811,0.0,0.5807382232004481,False,8955,390
paired,81,B,True,1.3114000000000001,31.51071431697722,left,3859339721,2283086162,18.464040804940144,2.502698290458732,0.0,0.5705125072939897,False,13114,432
paired,82,A,True,1.9654,46.720992574847024,right,1045761623,2891344451,27.52286596456064,2.500513838316678,0.0,0.5781839811403487,False,19654,497
paired,83,B,True,1.6480000000000001,39.41417371131063,left,129141916,874976044,22.949972694388435,2.5003077512203897,0.0,0.562901097093775,False,16480,465
paired,84,B,True,1.6089,38.43043788352622,right,1358304359,2431437251,23.068225187401165,-2.501515736737584,0.0,0.5597194534168044,False,16089,461
paired,85,B,True,0.9619000000000001,23.49016175181615,right,1160040151,1246620523,12.00111384019597,-6.072952880949542,0.0,0.5472199309224407,False,9619,397
paired,86,B,True,1.6529,39.590530139295765,left,3319902823,1794939957,23.41231127316266,2.5006488247300487,0.0,0.5741763234784927,False,16529,466
paired,87,B,True,1.01,24.470321049029756,right,1520562430,4263963038,13.895976560226028,-2.5002212830822135,0.0,0.532677521626106,False,10100,401
paired,88,B,True,0.9462,23.09165322341698,right,1977745978,2277999520,12.00164838427331,-4.910191505102562,0.0,0.5833393351458466,False,9462,395
paired,89,B,True,1.7294,41.26507703761837,left,2865872142,1793865271,24.10755204523193,2.500072004419625,0.0,0.5555060241427273,False,17294,473
paired,90,B,True,1.5594000000000001,37.18947836740093,left,3272529857,3987542055,21.877109626951462,2.5009988472867066,0.0,0.5789711386701545,False,15594,456
paired,91,B,True,0.9097000000000001,22.31059297946201,right,3267188114,459195337,12.000001920724932,-5.031622623885527,0.0,0.5799439559761485,False,9097,391
paired,92,B,True,0.8952,21.88670156758035,right,2665928188,1979079933,12.000175625967756,-4.055125399355004,0.0,0.5609998786515594,False,8952,390
paired,93,A,True,1.5536,37.152908549545835,right,3587363441,3826631231,21.883603957925438,2.5002387652007845,0.0,0.5589198135368019,False,15536,456
paired,94,B,True,1.0581,25.585002296993213,right,366268514,3484850979,12.001649657082346,-7.744586196721741,0.0,0.5687209835757001,False,10581,406
paired,95,B,True,1.329,32.00777182882489,right,441034353,3911080589,18.836183173028292,-2.500104914134027,0.0,0.5788117415004493,False,13290,433
paired,96,B,True,1.0649,25.819963502356448,left,1514530970,2063034652,15.02824284041334,2.5016821322628764,0.0,0.5213664486318775,False,10649,407
paired,97,B,True,0.8833000000000001,21.552768996883458,right,801634323,869938001,12.001920566560806,-3.306066782160255,0.0,0.5312159920359546,False,8833,389
paired,98,B,True,0.8939,21.81068479761212,right,3748907106,411485570,12.001165991361026,-4.095103280422401,0.0,0.5398923653076194,False,8939,390
paired,99,B,True,0.8548,21.01545045388526,right,2992951274,3925740632,12.007844609849743,-2.5025361079160855,0.0,0.5458431038198873,False,8548,386
unpaired,0,B,True,0.8848,21.59731998519921,right,955475868,2752441786,12.001144362535014,-3.7519957816724094,0.0,0.0,False,8848,389
unpaired,1,A,True,0.8626,21.072070707490024,left,1385871029,768476226,12.001399306664235,-2.877024504248009,0.0,0.0,False,8626,387
unpaired,2,B,True,1.4325,34.32978272568157,right,1939820029,3245613808,20.203148230639265,-2.5013932639632963,0.0,0.0,False,14325,444
unpaired,3,A,True,0.8627,21.016427665011378,left,627778343,2952116957,12.000778322953737,-2.526276715632551,0.0,0.0,False,8627,387
unpaired,4,B,True,0.8668,21.118197670174787,right,2097342444,1126870124,12.000975978249887,-3.0033956293068518,0.0,0.0,False,8668,387
unpaired,5,B,True,1.4778,35.42024606887556,left,142140079,896875574,20.980734783810448,2.5007252879816417,0.0,0.0,False,14778,448
unpaired,6,A,True,1.7981,42.81233715640952,right,2715768615,2175957017,24.873085348006438,2.5018413794935284,0.0,0.0,False,17981,480
unpaired,7,none,False,,47.54080023688389,right,489233195,2267604127,28.226975623664877,1.5235291090698335,0.0,0.0,False,20000,500
unpaired,8,A,True,0.9332,22.699016011373665,left,2839235966,318932432,13.042951606397434,-2.5000481292662866,0.0,0.0,False,9332,394
unpaired,9,B,True,0.8581000000000001,21.067872636241564,right,2230699753,3608365212,12.020815660793538,-2.5005205040893688,0.0,0.0,False,8581,386
unpaired,10,A,True,0.8956000000000001,21.76545197822503,right,2642074040,749716156,12.000267340280127,3.0457181936029323,0.0,0.0,False,8956,390
unpaired,11,none,False,,47.697604401560675,right,2170551254,2963343449,28.407887505986483,-0.42570779634328926,0.0,0.0,False,20000,500
unpaired,12,none,False,,47.67976853784545,left,838615200,1067313526,28.026086334321704,2.191368837258232,0.0,0.0,False,20000,500
unpaired,13,none,False,,47.468808352154,left,4022105731,2830433309,27.75325381615076,1.0612494412321283,0.0,0.0,False,20000,500
unpaired,14,A,True,1.1899,28.63087599388283,left,3027646511,834417383,16.365778202307073,-2.5025299473441094,0.0,0.0,False,11899,419
unpaired,15,B,True,0.8589,20.985690259837142,right,2213083668,3818858139,12.000668481365176,-2.7466461909225477,0.0,0.0,False,8589,386
unpaired,16,none,False,,47.63015617470668,left,1950616845,3632979354,28.163543562396953,1.60943973305641,0.0,0.0,False,20000,500
unpaired,17,B,True,0.9760000000000001,23.763067517730676,left,2566381643,2059869136,13.636626030745681,2.5006021258762603,0.0,0.0,False,9760,398
unpaired,18,B,True,0.894,21.761300165344878,left,3757437991,3102981037,12.001330763901631,2.7338267904431035,0.0,0.0,False,8940,390
unpaired,19,A,True,1.1856,28.439624801177764,left,2060858695,179496898,16.430769878762817,-2.5014883901005986,0.0,0.0,False,11856,419
unpaired,20,none,False,,47.78748234646385,right,1413633581,3166663138,28.10452912959922,2.1144653800385256,0.0,0.0,False,20000,500
unpaired,21,B,True,0.9922000000000001,24.227958892599833,left,122713397,4111998277,12.00212793102741,6.660302539664736,0.0,0.0,False,9922,400
unpaired,22,A,True,0.8788,21.46757935779456,left,2849823307,182630802,12.000720695389466,-3.298960528678486,0.0,0.0,False,8788,388
unpaired,23,A,True,0.8677,21.184473270112907,left,494369451,3457272334,12.00155151859336,-3.0036050685432394,0.0,0.0,False,8677,387
unpaired,24,B,True,1.6455000000000002,39.34983937533344,left,2770379216,2469532856,22.80735308715284,2.502843780214605,0.0,0.0,False,16455,465
unpaired,25,A,True,1.1878,28.772280505924414,left,3130447520,3213543118,16.836810224733277,-2.501973705177078,0.0,0.0,False,11878,419
unpaired,26,A,True,0.8899,21.729452477687367,left,3030627323,2315942858,12.000543850360211,-3.99438244065566,0.0,0.0,False,8899,389
unpaired,27,B,True,0.8639,21.221499350267766,left,1132983460,3791823997,12.016425625221805,2.501045660858657,0.0,0.0,False,8639,387
unpaired,28,B,True,1.0269000000000001,24.934090902884282,right,2072618667,2262563065,14.374926620624581,-2.5004439323131376,0.0,0.0,False,10269,403
unpaired,29,A,True,0.8685,21.223056784346955,left,1995532939,67565236,12.000260713174004,-3.3199277351626666,0.0,0.0,False,8685,387
unpaired,30,B,True,0.8693000000000001,21.22323394816683,right,3541733859,903436547,12.000708968177054,-2.6634977837221623,0.0,0.0,False,8693,387
unpaired,31,B,True,1.5102,36.168762935080366,right,1620631269,3921930341,21.47044608858826,-2.5002441293003277,0.0,0.0,False,15102,452
unpaired,32,B,True,0.8829,21.682439610548386,left,3978526224,524769297,12.00040842614588,3.431052628002067,0.0,0.0,False,8829,389
unpaired,33,A,True,1.794,42.73291851731692,right,2362849349,241649833,25.060536105264813,2.500436334108654,0.0,0.0,False,17940,480
unpaired,34,A,True,1.5207000000000002,36.58123997791655,left,836076801,66832213,20.9264880780931,-2.5017409854594943,0.0,0.0,False,15207,453
unpaired,35,A,True,0.8694000000000001,21.30359193604097,right,2467771855,852979042,12.117089830692548,2.500060132608163,0.0,0.0,False,8694,387
unpaired,36,B,True,0.8978,21.863769394785557,right,1885716666,2240416943,12.000052751849593,-3.8442961440400762,0.0,0.0,False,8978,390
unpaired,37,none,False,,47.54422068126268,right,3437822141,986870289,28.697945013647043,-1.373622806145555,0.0,0.0,False,20000,500
unpaired,38,A,True,1.8866,45.075900495875594,right,1075327595,291948621,26.427973847213085,2.5002524699113207,0.0,0.0,False,18866,489
unpaired,39,A,True,0.8973000000000001,21.969001078211903,right,7772270,4233497744,12.621192808523151,2.500840425019917,0.0,0.0,False,8973,390
unpaired,40,A,True,1.1021,26.660361744597598,left,4130064786,4207104768,15.642569784133435,-2.501478307189271,0.0,0.0,False,11021,411
unpaired,41,B,True,0.8989,22.06872782735874,right,980178721,1617115261,12.000240806374014,-4.588449794488337,0.0,0.0,False,8989,390
unpaired,42,B,True,0.859,21.039183527642887,right,713212168,3474315045,12.000943905528276,-2.6820410938806387,0.0,0.0,False,8590,386
unpaired,43,A,True,0.8963000000000001,21.89615361629905,right,2299280978,227119656,12.564942040306061,2.5002553089803037,0.0,0.0,False,8963,390
unpaired,44,A,True,0.9368000000000001,22.800166505000806,left,673224117,1120036182,13.216828296630279,-2.5020431396432015,0.0,0.0,False,9368,394
unpaired,45,none,False,,47.449269215731874,left,1201720280,1416430861,28.448817555357106,0.5585665653639504,0.0,0.0,False,20000,500
unpaired,46,none,False,,47.57723181241055,right,2507094725,2557437514,28.1555883529057,2.1222511309200116,0.0,0.0,False,20000,500
unpaired,47,A,True,1.2554,30.144410897320565,left,688547501,2114554401,17.32729230444233,-2.5003651160055655,0.0,0.0,False,12554,426
unpaired,48,B,True,1.1480000000000001,27.707433434541638,left,1108954884,3972817021,15.722586391095662,2.5033398881711286,0.0,0.0,False,11480,415
unpaired,49,A,True,1.2669000000000001,30.38728409615236,left,304536554,806634961,17.357799705958517,-2.502392537062838,0.0,0.0,False,12669,427
unpaired,50,A,True,0.9002,22.004252206110433,left,3544387216,1137116358,12.000385632303027,-4.554831581735435,0.0,0.0,False,9002,391
unpaired,51,A,True,0.869,21.31270481633333,left,1945319640,2055044093,12.000355770957258,-3.4815188503146928,0.0,0.0,False,8690,387
unpaired,52,B,True,0.9347000000000001,22.741661569712875,left,2214124115,3877289554,12.002486471425845,4.337369349764399,0.0,0.0,False,9347,394
unpaired,53,A,True,1.0455,25.221954516561862,right,2469887896,3724166608,14.013276558577562,2.5011493169831676,0.0,0.0,False,10455,405
unpaired,54,B,True,0.8933000000000001,21.788112119434462,right,77698709,1545483365,12.002243485041665,-3.4460258779795128,0.0,0.0,False,8933,390
unpaired,55,A,True,1.9798,47.054889802859044,right,2004767558,1070064692,27.77665498926125,2.502884714686187,0.0,0.0,False,19798,498
unpaired,56,B,True,0.8661000000000001,21.26378005311955,right,1752844073,3429430403,12.001123724217168,-3.0931739323915326,0.0,0.0,False,8661,387
unpaired,57,B,True,0.8653000000000001,21.114418325659607,right,3778444397,590857229,12.001962084205077,-2.668708260023177,0.0,0.0,False,8653,387
unpaired,58,none,False,,47.57557703860117,left,3826842846,1493381415,28.93650676348283,-1.2247546189085734,0.0,0.0,False,20000,500
unpaired,59,A,True,1.1096000000000001,26.90743344235726,left,2010903334,645161916,15.056057021414468,-2.501065793123271,0.0,0.0,False,11096,411
unpaired,60,A,True,0.8918,21.825458640167344,left,3912396461,585059931,12.000133714139373,-4.036395665816365,0.0,0.0,False,8918,390
unpaired,61,B,True,1.6275000000000002,38.78962845589943,left,1832543258,2734663,22.54206915148738,2.5004389655905337,0.0,0.0,False,16275,463
unpaired,62,A,True,1.235,29.845594479047676,right,3363441148,365879602,17.652232842605812,2.500582847600932,0.0,0.0,False,12350,424
unpaired,63,A,True,0.8935000000000001,21.857258980104174,left,3082936044,3788162984,12.001331172299995,-3.823905208267875,0.0,0.0,False,8935,390
unpaired,64,none,False,,46.74208138959332,right,1621913117,921262985,28.693473368634017,-1.7728219270290642,0.0,0.0,False,20000,500
unpaired,65,none,False,,47.610024212189465,right,2641446120,1810483493,28.747563213118557,1.324204304886918,0.0,0.0,False,20000,500
unpaired,66,A,True,0.8639,21.217580139199278,left,763887471,2318040965,12.000298536775475,-3.02248744077884,0.0,0.0,False,8639,387
unpaired,67,A,True,0.861,21.067921563752503,left,332805299,811496597,12.000015301836688,-2.6417334912326416,0.0,0.0,False,8610,387
unpaired,68,B,True,0.8919,21.787042415050994,right,3375487773,2362424674,12.003658906392916,-4.072132629497002,0.0,0.0,False,8919,390
unpaired,69,A,True,1.1832,28.48359841132744,left,402328833,3252228157,16.612236679134938,-2.5014613598265365,0.0,0.0,False,11832,419
unpaired,70,B,True,0.8677,21.15103437142514,right,3207350679,528912470,12.00067909055746,-2.768586766616484,0.0,0.0,False,8677,387
unpaired,71,A,True,1.8116,43.173810221327315,right,3941906431,3179841765,25.666583996841332,2.5009230985563273,0.0,0.0,False,18116,482
unpaired,72,B,True,0.8836,21.517204200392772,right,2328410320,719920358,12.000037395513788,-3.4641843063082085,0.0,0.0,False,8836,389
unpaired,73,B,True,0.8570000000000001,21.03228213466077,right,3986166752,4129571350,12.003253813934988,-2.5003228087162195,0.0,0.0,False,8570,386
unpaired,74,B,True,0.9089,21.991014131470866,left,4159358781,1776834509,12.002261061063711,4.05873983442918,0.0,0.0,False,9089,391
unpaired,75,B,True,0.8586,21.137717365136172,left,46126036,4267343335,12.000509758973823,2.659260350552513,0.0,0.0,False,8586,386
unpaired,76,B,True,0.8949,21.819767531241197,right,1726369811,2020893176,12.000379764705853,-3.9926948437683363,0.0,0.0,False,8949,390
unpaired,77,B,True,0.8837,21.726678715561484,left,849234220,3249187759,12.001421937000183,3.408927607029318,0.0,0.0,False,8837,389
unpaired,78,B,True,1.1913,28.835292245998644,right,1376195506,3260070931,16.945765626225665,-2.500056140834837,0.0,0.0,False,11913,420
unpaired,79,none,False,,47.632300162459856,left,21632944,2526431416,28.81167082054493,-1.6882176329327503,0.0,0.0,False,20000,500
unpaired,80,A,True,0.8666,21.2187477634505,right,2575405593,917019716,12.000696093006178,2.8200352652540257,0.0,0.0,False,8666,387
unpaired,81,none,False,,47.60393213733441,right,936491844,1973358536,28.71664286086836,-1.5355533798496983,0.0,0.0,False,20000,500
unpaired,82,A,True,0.8699,21.30650737381742,left,3650290517,1627982527,12.000348966920004,-3.407429499853333,0.0,0.0,False,8699,387
unpaired,83,B,True,0.8939,21.792491983514367,right,3549915196,2839288286,12.002744131584246,-3.999296034901614,0.0,0.0,False,8939,390
unpaired,84,B,True,1.0689,25.850704236167864,left,1929121048,3707939549,14.74933412778294,2.5002967287121867,0.0,0.0,False,10689,407
unpaired,85,B,True,1.1024,26.561268067264525,right,228299238,1588621829,15.357972454168133,-2.5003219410135933,0.0,0.0,False,11024,411
unpaired,86,A,True,0.9204,22.29947411588007,right,3298717521,2233213468,12.000559495345142,2.6594508362230873,0.0,0.0,False,9204,393
unpaired,87,A,True,0.8927,21.815355400682968,left,1663888639,2307885430,12.0036288054735,-3.9707839708404946,0.0,0.0,False,8927,390
unpaired,88,none,False,,47.42495641984999,left,335752395,3568682530,28.544263071138968,1.8880032172208656,0.0,0.0,False,20000,500
unpaired,89,A,True,1.3154000000000001,31.70515841983586,right,2876555510,2943583598,18.643713509932535,2.502670609636575,0.0,0.0,False,13154,432
unpaired,90,B,True,0.8683000000000001,21.24537736749319,right,227560834,3175687050,12.000305365033526,-3.4574922783427913,0.0,0.0,False,8683,387
unpaired,91,A,True,1.0322,25.08329533203025,left,2128108600,3072361404,12.00218948195802,-8.182566571255755,0.0,0.0,False,10322,404
unpaired,92,B,True,1.3667,32.802463527319574,left,1828153187,1272126196,18.94939804039438,2.501516196906475,0.0,0.0,False,13667,437
unpaired,93,B,True,1.0225,24.867416995805076,right,2718095249,1825698903,14.048703668065617,-2.502306565806074,0.0,0.0,False,10225,403
unpaired,94,A,True,0.8938,21.792992369954053,right,1558397850,2102997494,12.369924770722392,2.501210467395829,0.0,0.0,False,8938,390
unpaired,95,B,True,1.209,29.151448632798527,left,2100570891,912483024,16.809707857378267,2.5005323471589844,0.0,0.0,False,12090,421
unpaired,96,A,True,0.8908,21.727472915097465,right,1134976306,3046228486,12.001628786064487,3.563007399039168,0.0,0.0,False,8908,390
unpaired,97,A,True,0.9417000000000001,22.83324461196415,left,2339181573,3853401108,13.205070390071624,-2.500429134737455,0.0,0.0,False,9417,395
unpaired,98,B,True,1.0224,24.815226314807333,right,1235202696,3357203643,14.350363585360041,-2.502417691161451,0.0,0.0,False,10224,403
unpaired,99,B,True,1.1435,27.619566053857845,left,3341643203,815835993,16.08924590777869,2.501287342929563,0.0,0.0,False,11435,415
untrained,0,none,False,,47.6534262766319,left,3444837047,2669555309,28.459643210513956,-2.2278922118671494,0.0,0.0,False,20000,500
untrained,1,B,True,1.4823000000000002,35.5990242036097,left,1896493428,3729148397,21.108609776664352,2.500233619252717,0.0,0.0,False,14823,449
untrained,2,B,True,1.3197,31.918707892746582,left,697079281,3169369488,18.119709534659886,2.5001162966777066,0.0,0.0,False,13197,432
untrained,3,B,True,0.9393,23.00018906378687,right,1494732172,1183707961,13.124992371730963,-2.5019815891575035,0.0,0.0,False,9393,394
untrained,4,A,True,0.8682000000000001,21.239773718406816,left,4101183755,3626270669,12.001005848921643,-3.318106374389032,0.0,0.0,False,8682,387
untrained,5,A,True,1.8949,45.15415393099904,right,3625716501,2008327831,27.218117074368994,2.502324135728275,0.0,0.0,False,18949,490
untrained,6,A,True,1.9369,46.145777193414084,left,1703491874,1819256776,27.50986192448616,-2.503619237034903,0.0,0.0,False,19369,494
untrained,7,A,True,0.8655,21.061985458432424,left,346678866,498856915,12.001311223543091,-2.995591230317192,0.0,0.0,False,8655,387
untrained,8,none,False,,47.663440735278364,left,3076293740,2456030358,28.74129325974514,0.6835641385878103,0.0,0.0,False,20000,500
untrained,9,B,True,1.5086000000000002,36.25388340284785,right,260547594,1481322090,21.073821705763866,-2.501578021800554,0.0,0.0,False,15086,451
untrained,10,A,True,1.401,33.47920074645782,right,60166320,2055989236,19.698720012263383,2.5013477468479888,0.0,0.0,False,14010,441
untrained,11,B,True,0.9023,22.17263732395948,right,2284616113,1854280633,12.000680138359426,-4.796197654754599,0.0,0.0,False,9023,391
untrained,12,A,True,0.8560000000000001,20.961930523769595,left,573185945,2146753865,12.000025812072552,-2.5879630245681415,0.0,0.0,False,8560,386
untrained,13,A,True,1.0268000000000002,24.918367029739308,left,4080705672,114307918,14.561442920478783,-2.5007357010440114,0.0,0.0,False,10268,403
untrained,14,B,True,1.3757000000000001,32.97412427602717,left,379414071,4226734516,18.57839760710189,2.50031590522279,0.0,0.0,False,13757,438
untrained,15,A,True,0.8686,21.34814951896914,left,2001957289,1737338364,12.000550620513387,-3.4438037683201674,0.0,0.0,False,8686,387
untrained,16,A,True,0.9058,22.1152845190267,right,3134574098,1521832041,12.00182438722209,3.7831708078008353,0.0,0.0,False,9058,391
untrained,17,A,True,0.8661000000000001,21.225306115981784,right,2773652197,969393129,12.000254133287166,2.989865809667552,0.0,0.0,False,8661,387
untrained,18,A,True,0.8686,21.31248998487703,left,1877138521,3167264854,12.000933570133348,-3.4073481230735,0.0,0.0,False,8686,387
untrained,19,A,True,0.8667,21.17847430881523,left,512693053,3011949697,12.001448376260885,-3.280786945151263,0.0,0.0,False,8667,387
untrained,20,A,True,0.8936000000000001,21.836927005697536,left,2186854780,3846825668,12.00373480638081,-4.0907242093540335,0.0,0.0,False,8936,390
untrained,21,B,True,0.8591000000000001,21.0198172999283,right,48600326,3878754367,12.000624872492567,-2.737661336200698,0.0,0.0,False,8591,386
untrained,22,none,False,,47.57507487737348,right,3300073225,2322922143,28.555668056086134,2.23254040271185,0.0,0.0,False,20000,500
untrained,23,B,True,0.8591000000000001,20.98338973565101,right,1647789022,2559464799,12.000628101184143,-2.7217954968356897,0.0,0.0,False,8591,386
untrained,24,B,True,0.8806,21.423090066596156,right,226409240,1152561464,12.00026900187906,-2.6740508508498864,0.0,0.0,False,8806,389
untrained,25,B,True,0.9397000000000001,23.187906070289674,left,257476557,1041529032,12.000226426487025,5.665711947714949,0.0,0.0,False,9397,394
untrained,26,none,False,,47.47648606334594,left,11277582,1085391177,28.197585261933455,-2.1469899698969206,0.0,0.0,False,20000,500
untrained,27,A,True,0.9328000000000001,22.61597620185942,right,268891022,3946779620,12.001204177107406,4.516755438912805,0.0,0.0,False,9328,394
untrained,28,A,True,0.8947,21.87884464617479,left,1127914578,2843311930,12.003304037833779,-4.344300547304785,0.0,0.0,False,8947,390
untrained,29,B,True,1.8924,45.05115401957665,left,718766700,4038311998,25.497346309479674,2.5030650227827964,0.0,0.0,False,18924,490
untrained,30,A,True,1.1718,28.213882828941077,left,4179011918,3036359436,16.09824255279188,-2.501852700184613,0.0,0.0,False,11718,418
untrained,31,none,False,,47.380692570305555,left,1073266673,2076780447,28.626238855114295,-1.4860760477756654,0.0,0.0,False,20000,500
untrained,32,B,True,0.8814000000000001,21.548030433531395,right,1744947823,2465787544,12.001834680377685,-3.466428057248758,0.0,0.0,False,8814,389
untrained,33,A,True,1.0034,24.262219941406528,left,3492497532,663708340,14.021137754039566,-2.501058384650835,0.0,0.0,False,10034,401
untrained,34,A,True,0.933,22.80514264345766,left,1958473412,3595996709,12.001969592434458,-5.5514175804275245,0.0,0.0,False,9330,394
untrained,35,A,True,0.9254,22.511786453272034,left,2992123482,596219886,12.729044714882182,-2.50056865422943,0.0,0.0,False,9254,393
untrained,36,B,True,1.8158,43.34466411885394,left,2971326602,1017094903,25.31927526667823,2.501205339293413,0.0,0.0,False,18158,482
untrained,37,A,True,1.0978,26.602096550635967,left,1756192980,3848460066,15.058216267228133,-2.500447761146563,0.0,0.0,False,10978,410
untrained,38,A,True,1.8549,44.18765655676139,left,2253108686,2410831930,26.544780044750517,-2.502052009788461,0.0,0.0,False,18549,486
untrained,39,B,True,1.951,46.64564973850464,left,2464528181,4140860993,27.00813005622857,2.500164085998522,0.0,0.0,False,19510,496
untrained,40,A,True,1.0644,25.89007471846916,right,217099339,757584272,15.12128384880478,2.5011070087560485,0.0,0.0,False,10644,407
untrained,41,A,True,0.8636,21.13660698885238,left,2854290053,938461183,12.001630136382625,-3.1053653464175843,0.0,0.0,False,8636,387
untrained,42,B,True,0.9392,22.845991298920428,right,1780936988,1597814768,13.238243284687352,-2.501655702584115,0.0,0.0,False,9392,394
untrained,43,A,True,1.1061,26.76353762685718,left,2548874142,2736546043,15.528044928858945,-2.501530414638199,0.0,0.0,False,11061,411
untrained,44,B,True,0.8909,21.76285290945031,right,1500232454,847351638,12.00034048915605,-3.8445366798461365,0.0,0.0,False,8909,390
untrained,45,B,True,1.314,31.692700762601866,left,4050511488,4088374080,18.67881588821449,2.5003058007268426,0.0,0.0,False,13140,432
untrained,46,B,True,0.9031,21.88970675261035,right,1483941859,2032023318,12.000209921056376,-4.022040257675175,0.0,0.0,False,9031,391
untrained,47,A,True,1.9794,46.958379194577844,right,2610777415,3774452839,27.977596158485728,2.5004181028623544,0.0,0.0,False,19794,498
untrained,48,B,True,0.863,21.055777202631162,right,1687153193,3941859182,12.000715431176014,-2.82023956222403,0.0,0.0,False,8630,387
untrained,49,A,True,0.8829,21.437132819193533,left,4256472626,2359745756,12.000102061046091,-3.1774268257089275,0.0,0.0,False,8829,389
untrained,50,A,True,1.0651000000000002,25.79248731926154,right,810029155,183887462,15.05579175288252,2.500372332392644,0.0,0.0,False,10651,407
untrained,51,A,True,1.0099,24.546535909863934,left,2437065808,1586801874,14.203836542544106,-2.500941223034573,0.0,0.0,False,10099,401
untrained,52,A,True,1.6853,40.12560722266531,left,2734404935,2155478877,23.158866778931852,-2.5041541236755442,0.0,0.0,False,16853,469
untrained,53,B,True,0.8638,21.0857088313056,right,1653911332,1181837043,12.000465645054334,-2.9005391204517346,0.0,0.0,False,8638,387
untrained,54,A,True,0.8643000000000001,21.143340404605457,left,2419256353,477937136,12.001753515844117,-3.0264445420464416,0.0,0.0,False,8643,387
untrained,55,A,True,0.8629,21.04984575688568,left,2205596066,2705445927,12.001494526357252,-2.6688410842237236,0.0,0.0,False,8629,387
untrained,56,B,True,0.8932,21.808187673146193,left,3997548711,3720484070,12.433521054975497,2.501177787715872,0.0,0.0,False,8932,390
untrained,57,none,False,,47.606078590332366,right,2189215482,2037066374,28.648751964264626,1.205439540577864,0.0,0.0,False,20000,500
untrained,58,B,True,1.4773,35.428045574610465,left,3382950888,382925725,20.965608247411204,2.502258202446237,0.0,0.0,False,14773,448
untrained,59,B,True,0.9692000000000001,23.576393159583773,left,3923657009,3677411938,13.604886239794096,2.5001535064559013,0.0,0.0,False,9692,397
untrained,60,A,True,0.8908,21.655405703993104,left,1931603753,3009702932,12.000640125728427,-3.324156385609201,0.0,0.0,False,8908,390
untrained,61,none,False,,47.52593773513724,left,342178700,3853829455,28.627678138721638,1.1365983674730955,0.0,0.0,False,20000,500
untrained,62,A,True,0.9741000000000001,23.51004000208694,right,431583879,4250290072,13.24885571436084,2.5011703049847327,0.0,0.0,False,9741,398
untrained,63,B,True,0.8656,21.1558831514914,right,1019261206,2783005810,12.00058202946164,-3.3100955994558245,0.0,0.0,False,8656,387
untrained,64,none,False,,47.50663849281681,right,633580260,3717396649,28.627014159981826,-0.8784931922852045,0.0,0.0,False,20000,500
untrained,65,A,True,0.9028,22.11823697383963,left,1285017917,460685948,12.000228553587409,-4.60013082469783,0.0,0.0,False,9028,391
untrained,66,A,True,0.9363,22.76942648865009,left,357209393,2040244800,13.149347695449645,-2.5020784846720066,0.0,0.0,False,9363,394
untrained,67,A,True,1.1892,28.70289880018682,left,3081266677,4281564824,16.90655614973637,-2.5012034591973746,0.0,0.0,False,11892,419
untrained,68,A,True,0.8643000000000001,21.126382350003393,right,4164217736,3220846753,12.001378640575215,2.752365705615093,0.0,0.0,False,8643,387
untrained,69,B,True,1.9301000000000001,45.7359555205317,right,2407127211,2140196919,27.389537862429073,-2.500230557183716,0.0,0.0,False,19301,494
untrained,70,none,False,,47.64761823783456,right,2949261946,630619424,28.758304926828632,1.6530338124301782,0.0,0.0,False,20000,500
untrained,71,B,True,1.0609,25.7521443625307,right,1410856867,2010985768,12.000410173364163,-8.395017768135368,0.0,0.0,False,10609,407
untrained,72,none,False,,47.64850127795851,right,1948380104,3314485792,28.590583187957304,2.372766029957973,0.0,0.0,False,20000,500
untrained,73,A,True,1.5449000000000002,37.04291297563785,right,3748125531,3156192052,21.436816220481997,2.5006751050327183,0.0,0.0,False,15449,455
untrained,74,B,True,1.3108,31.45251919130871,left,1258825429,1173678944,18.52787530711599,2.503191559533139,0.0,0.0,False,13108,432
untrained,75,A,True,1.4005,33.59038169131627,right,1654786644,1750723848,19.854061754613642,2.5013768064779156,0.0,0.0,False,14005,441
untrained,76,A,True,0.9827,24.025792488204825,right,2923515680,4006249186,13.62974893751663,2.5014356961136004,0.0,0.0,False,9827,399
untrained,77,B,True,1.6866,40.329448858451315,right,2627065251,246853019,24.099937122571873,-2.5007863434228415,0.0,0.0,False,16866,469
untrained,78,none,False,,47.5511665993335,right,156219971,2830929686,28.50948106587478,1.627155432800961,0.0,0.0,False,20000,500
untrained,79,A,True,1.3157,31.534953259942917,right,3920855742,1659600606,18.146778017869302,2.5007789113652397,0.0,0.0,False,13157,432
untrained,80,B,True,0.8642000000000001,21.154693584595258,right,1346836581,1581982516,12.000302570684173,-3.1391706048774544,0.0,0.0,False,8642,387
untrained,81,B,True,0.8709,21.326859182411077,left,2577828533,1653231605,12.067741447993281,2.5011160731400772,0.0,0.0,False,8709,388
untrained,82,B,True,0.8973000000000001,21.886363329744086,right,1399857102,2685065995,12.002227825999759,-4.272018659925585,0.0,0.0,False,8973,390
untrained,83,B,True,0.8654000000000001,21.269671632458515,right,3371841148,303289827,12.001465440114087,-2.7303105237888023,0.0,0.0,False,8654,387
untrained,84,A,True,0.9265,22.569870395861546,left,1979984943,1923460896,12.000241869019984,-4.887137562222862,0.0,0.0,False,9265,393
untrained,85,B,True,0.9051,22.230618943702947,right,2877266153,253024472,12.001308289151527,-4.86394522617909,0.0,0.0,False,9051,391
untrained,86,B,True,0.8609,21.065539793886586,right,645027901,2801573963,12.000182066909487,-2.8965355955194716,0.0,0.0,False,8609,387
untrained,87,B,True,1.0201,24.838355963683263,right,430460686,1988065083,14.040965523361967,-2.501771279829949,0.0,0.0,False,10201,403
untrained,88,none,False,,47.7247483011886,left,1282925197,1836817998,28.30528029121329,-2.240718568056176,0.0,0.0,False,20000,500
untrained,89,B,True,1.2754,30.64660496757706,right,3094804522,4119694259,18.151933153359646,-2.500052199948652,0.0,0.0,False,12754,428
untrained,90,B,True,1.7665000000000002,42.19678854914514,right,267806451,3553534755,24.46026064924681,-2.5018905954260955,0.0,0.0,False,17665,477
untrained,91,A,True,1.0638,25.799781816314734,right,2672562399,1976703175,14.641674864003365,2.5033519440706984,0.0,0.0,False,10638,407
untrained,92,A,True,0.8696,21.332763374793913,left,2974841040,1762410338,12.001040573878235,-3.565384634868621,0.0,0.0,False,8696,387
untrained,93,A,True,0.8919,21.76303138564932,left,2908457699,2868007414,12.003811550405604,-4.035100986373543,0.0,0.0,False,8919,390
untrained,94,B,True,0.9773000000000001,23.824965027170517,left,1186022108,1707064502,13.527800021224817,2.5031209247066446,0.0,0.0,False,9773,398
untrained,95,none,False,,47.47765718043028,left,307036908,2757966377,28.51599218209869,0.1945759168939359,0.0,0.0,False,20000,500
untrained,96,none,False,,47.6366588647075,right,3800294060,1357131858,28.799763375557333,1.7698063984360795,0.0,0.0,False,20000,500
untrained,97,A,True,1.0251000000000001,24.88161496331709,left,3149546730,3168618729,14.428211734962069,-2.5003871424765074,0.0,0.0,False,10251,403
untrained,98,B,True,1.2751000000000001,30.686597472488177,right,3662155908,865669431,18.078021559980932,-2.5005130380172815,0.0,0.0,False,12751,428
untrained,99,B,True,1.1780000000000002,28.35523457688049,right,3823119690,3043028829,16.58533093631369,-2.5005284416955,0.0,0.0,False,11780,418
