condition,fly_id,choice,completed,latency_s,distance_mm,odor_b_side,random_seed,circuit_seed,last_x_mm,last_y_mm,weight_a,weight_b,physical_training,physics_ticks,control_updates,continued_after_choice,observation_distance_mm,observation_end_s,termination_reason
dan_silenced,0,B,True,1.1913,28.740993839752644,right,3329053876,3645748255,28.49253623593803,-1.970522434135223,0.0,0.555733971191482,False,20000,500,True,47.544907490449006,2.0,test_window_complete
dan_silenced,1,B,True,0.8625,21.09663730327359,right,2134191843,3792606954,26.185339069465062,4.424774158775272,0.0,0.5372747851975769,False,20000,500,True,47.69391642922198,2.0,test_window_complete
dan_silenced,2,B,True,0.8585,20.99150615123948,right,2436437895,1151155471,27.70339134197311,3.0871571452248343,0.0,0.544927240896571,False,20000,500,True,47.77466393202919,2.0,test_window_complete
dan_silenced,3,A,True,0.8659,21.17240167433416,right,13771258,2682531787,27.193745320171452,8.756632593637672,0.0,0.55400211871458,False,20000,500,True,47.75600935928747,2.0,test_window_complete
dan_silenced,4,B,True,0.9756,23.721201935447066,right,1462229373,3921964068,21.513452030468727,-17.138028066186862,0.0,0.5450723061840478,False,20000,500,True,48.17527492237109,2.0,test_window_complete
dan_silenced,5,B,True,1.4400000000000002,34.43760302220954,right,2248537184,3855881369,28.532876002634744,-2.2076647425534612,0.0,0.5546511998616763,False,20000,500,True,47.33042936983742,2.0,test_window_complete
dan_silenced,6,none,False,,47.734611264929754,left,2188516665,429466934,28.067868063861322,2.2251118533500005,0.0,0.5580886745442423,False,20000,500,True,47.734611264929754,2.0,test_window_complete
dan_silenced,7,A,True,0.9374,22.857446449667894,right,2737586632,4072755056,21.997818995020086,17.18413838606011,0.0,0.5802506557125003,False,20000,500,True,47.89757384103206,2.0,test_window_complete
dan_silenced,8,A,True,0.9404,22.926840895889267,left,1636764939,2234664573,25.34607280591233,-11.47174414548559,0.0,0.5392199618385041,False,20000,500,True,47.830968798787296,2.0,test_window_complete
dan_silenced,9,A,True,0.9463,23.062074649063145,left,4029204688,2943480381,27.107757969633777,-1.9010557453758747,0.0,0.5384491948334147,False,20000,500,True,47.66801988565055,2.0,test_window_complete
dan_silenced,10,B,True,1.0986,26.56541800626655,right,2052318847,3610168554,23.217824730395353,-12.900065638025717,0.0,0.5552478378830252,False,20000,500,True,47.997120573262734,2.0,test_window_complete
dan_silenced,11,none,False,,47.57657240094492,right,754147613,4083946371,28.6319465561874,-0.8028204839776093,0.0,0.5248138792215905,False,20000,500,True,47.57657240094492,2.0,test_window_complete
dan_silenced,12,A,True,0.9439000000000001,22.95559227641638,left,2638278883,2512852426,24.38470705452177,-12.428507509238894,0.0,0.554333564300758,False,20000,500,True,47.75225009805919,2.0,test_window_complete
dan_silenced,13,A,True,0.9038,22.14178080915617,left,100706267,2334542786,27.3138267375796,-8.417011493546454,0.0,0.5451441007716141,False,20000,500,True,47.842975140653486,2.0,test_window_complete
dan_silenced,14,A,True,0.8669,21.173277189141306,right,3282634134,2195313851,25.225422081035877,12.768576110914664,0.0,0.5515219827612873,False,20000,500,True,47.91301059949394,2.0,test_window_complete
dan_silenced,15,A,True,1.6695,39.72085499706097,left,2546732002,2411233229,27.493235151308017,-5.546435819910995,0.0,0.540127905796494,False,20000,500,True,47.498827090178885,2.0,test_window_complete
dan_silenced,16,A,True,0.9834,23.99615432251314,right,3659993424,1140446677,27.75142292069103,6.934790209002489,0.0,0.5452407739475033,False,20000,500,True,47.802074763670454,2.0,test_window_complete
dan_silenced,17,A,True,0.8981,22.08350586759069,left,3998299522,3045367934,26.290414243105925,-8.78585308656602,0.0,0.5813406824482824,False,20000,500,True,47.723824758114894,2.0,test_window_complete
dan_silenced,18,B,True,1.3941000000000001,33.410311685453365,left,569373386,2318598388,27.90793998042401,5.036123066282753,0.0,0.5552669360674545,False,20000,500,True,47.6752392114288,2.0,test_window_complete
dan_silenced,19,none,False,,47.576106073912754,right,3274451997,1847994383,28.06840667149019,1.8052380259831613,0.0,0.5914033653870624,False,20000,500,True,47.576106073912754,2.0,test_window_complete
dan_silenced,20,A,True,1.7127000000000001,40.75436915006157,right,2919912252,3532647606,27.517036375045084,5.034118379340272,0.0,0.5592254166558642,False,20000,500,True,47.595710652739776,2.0,test_window_complete
dan_silenced,21,A,True,1.5249000000000001,36.53610839394455,left,4058920394,3253952273,28.669119201258166,-1.7006008114251168,0.0,0.5555426173946998,False,20000,500,True,47.30453206115227,2.0,test_window_complete
dan_silenced,22,A,True,1.0178,24.491404097080864,right,2123970655,3662084313,24.462983534268112,14.243361975292773,0.0,0.5939279763898493,False,20000,500,True,47.458465002486086,2.0,test_window_complete
dan_silenced,23,none,False,,47.59979957588091,left,3415289622,1290198544,28.459336699188245,0.7739039376085791,0.0,0.530937142209273,False,20000,500,True,47.59979957588091,2.0,test_window_complete
dan_silenced,24,A,True,0.8587,21.143648929294493,right,1910202036,720826952,27.478037601544752,-1.2883519819671276,0.0,0.556862065708038,False,20000,500,True,47.83239114596416,2.0,test_window_complete
dan_silenced,25,B,True,0.8688,21.265841987957092,left,3947137033,3554254871,27.6636890468457,6.60364303894319,0.0,0.5390135651561884,False,20000,500,True,47.6136431561036,2.0,test_window_complete
dan_silenced,26,A,True,0.8848,21.62877852367799,right,1396475382,2772708567,26.887149386900475,9.55339378302883,0.0,0.5634243707563035,False,20000,500,True,47.90670837106915,2.0,test_window_complete
dan_silenced,27,none,False,,47.58298918993,right,3420411494,2524977041,28.898521294330056,0.47669575993772023,0.0,0.5449820982536578,False,20000,500,True,47.58298918993,2.0,test_window_complete
dan_silenced,28,A,True,1.3115,31.53306882444964,right,3049812762,1457771103,26.71283052938032,7.537562069241599,0.0,0.5482539254157259,False,20000,500,True,47.67193748584335,2.0,test_window_complete
dan_silenced,29,B,True,0.8924000000000001,21.787341566232772,right,3459555230,725354768,22.13485505389761,-15.903396098764919,0.0,0.5678496986234219,False,20000,500,True,47.28713304556212,2.0,test_window_complete
dan_silenced,30,B,True,0.8609,21.23106059858299,left,2446441635,2160239723,28.136577051378698,6.130311502599464,0.0,0.5582896971703027,False,20000,500,True,47.88966443321094,2.0,test_window_complete
dan_silenced,31,A,True,0.9481,23.229544027985867,right,730038600,3248186979,24.308607601577215,14.759854490293455,0.0,0.565635450905584,False,20000,500,True,48.199796085040546,2.0,test_window_complete
dan_silenced,32,A,True,1.1063,26.789211724264195,left,3616012249,3212606671,28.502428219207207,-3.9952700139402966,0.0,0.5737118371509545,False,20000,500,True,47.64356609755611,2.0,test_window_complete
dan_silenced,33,B,True,0.882,21.53876897939831,right,2600025322,4248454044,27.93894280539123,-0.04785650661512799,0.0,0.5465790391937904,False,20000,500,True,47.67920608705088,2.0,test_window_complete
dan_silenced,34,none,False,,47.59117654729283,right,4161493998,4137236358,28.874168350524766,1.3455767899999713,0.0,0.5486626363061716,False,20000,500,True,47.59117654729283,2.0,test_window_complete
dan_silenced,35,B,True,0.9453,22.907856175705554,right,622810370,2418480088,26.942222545133387,-8.611912455918038,0.0,0.5303756275048461,False,20000,500,True,47.59648455897713,2.0,test_window_complete
dan_silenced,36,B,True,1.4389,34.479346159972785,right,3205717296,1725745693,28.244177512739952,-4.709262404910319,0.0,0.5826525029520302,False,20000,500,True,47.67619757868335,2.0,test_window_complete
dan_silenced,37,A,True,0.9267000000000001,22.705995303016568,right,2641484167,2232530563,27.590620639794256,4.90671789760286,0.0,0.5516590205216595,False,20000,500,True,47.642811862541656,2.0,test_window_complete
dan_silenced,38,A,True,1.1498000000000002,27.790020370738578,right,485281044,4041841091,27.48403554909285,7.055958799672828,0.0,0.5895689036686186,False,20000,500,True,47.68637044921357,2.0,test_window_complete
dan_silenced,39,B,True,0.8988,22.067681818036352,right,1220856037,1985799328,27.4450795469254,-7.041595345856956,0.0,0.5278405390315237,False,20000,500,True,47.79289782771309,2.0,test_window_complete
dan_silenced,40,B,True,1.5611000000000002,37.20764092035545,left,2712757873,3806212997,21.33130449313839,8.787910326891666,0.0,0.551913458203127,False,20000,500,True,47.27543954629096,2.0,test_window_complete
dan_silenced,41,A,True,0.9381,22.8299042173622,left,633531394,3071536981,26.944495183567973,-8.73337447505819,0.0,0.5167413376734672,False,20000,500,True,47.698409025575664,2.0,test_window_complete
dan_silenced,42,none,False,,47.520412211731234,right,1088153248,896331821,28.698497974235227,-0.8966409487064636,0.0,0.5778738151580802,False,20000,500,True,47.520412211731234,2.0,test_window_complete
dan_silenced,43,A,True,0.9058,22.187449908281057,right,2276546063,658987709,23.907458030425264,14.747293360671545,0.0,0.5486392311681991,False,20000,500,True,48.03795615549715,2.0,test_window_complete
dan_silenced,44,none,False,,47.405388492360224,left,2066014223,274102084,8.518824244566535,-22.91807176005017,0.0,0.5482853163844758,False,20000,500,True,47.405388492360224,2.0,test_window_complete
dan_silenced,45,B,True,1.024,24.989530534880206,left,1516483357,3398928728,20.9684310875936,18.450400337769988,0.0,0.5488227501322142,False,20000,500,True,48.14887395850372,2.0,test_window_complete
dan_silenced,46,B,True,1.1067,26.778959462101348,right,3579417510,1392708965,28.595561584186196,-1.8074952433943432,0.0,0.5675285288719261,False,20000,500,True,47.25930407198443,2.0,test_window_complete
dan_silenced,47,A,True,0.9388000000000001,22.849403787731717,left,2275190673,2909142015,28.267284894777397,-3.887304331141504,0.0,0.559475244915053,False,20000,500,True,47.561545609322174,2.0,test_window_complete
dan_silenced,48,A,True,0.897,22.02579983102118,left,1630219979,672405161,27.286030432003265,-8.995565772874091,0.0,0.5597688907906426,False,20000,500,True,47.84340120423309,2.0,test_window_complete
dan_silenced,49,B,True,0.8645,21.12966350521737,right,706415061,3909842278,25.808457086690836,-11.221233491019659,0.0,0.574565009691776,False,20000,500,True,47.898100794182724,2.0,test_window_complete
dan_silenced,50,B,True,0.9025000000000001,21.985175282470145,right,3138274473,1013113302,23.55583250111986,5.543729847699771,0.0,0.5632288595883862,False,20000,500,True,47.693259485923825,2.0,test_window_complete
dan_silenced,51,A,True,0.8897,21.649785644977662,right,1980167153,2947531972,26.59117012603218,10.17557187034958,0.0,0.5833294768519514,False,20000,500,True,47.95705468090111,2.0,test_window_complete
dan_silenced,52,A,True,0.8972,21.95101582534289,left,4070402233,892660040,25.940992454146542,-11.042167005539676,0.0,0.5394359180498556,False,20000,500,True,48.010758163697915,2.0,test_window_complete
dan_silenced,53,none,False,,47.49847790137693,left,328832613,3744134835,28.772607897289664,0.8073431061868069,0.0,0.5687002064546735,False,20000,500,True,47.49847790137693,2.0,test_window_complete
dan_silenced,54,B,True,0.8909,21.736904168652828,right,834337713,3666744667,27.61196129444563,-7.91236443697321,0.0,0.5683969415859702,False,20000,500,True,47.90203487680185,2.0,test_window_complete
dan_silenced,55,B,True,1.6434,39.123373500292274,left,3049214328,1521226472,28.279120050240504,2.510823614480836,0.0,0.566486058131204,False,20000,500,True,47.47639502520769,2.0,test_window_complete
dan_silenced,56,B,True,0.8628,21.205650618159115,right,3951773225,3056960700,27.63616634046111,-8.102321019548114,0.0,0.5673095271218801,False,20000,500,True,47.96160908121242,2.0,test_window_complete
dan_silenced,57,none,False,,47.55292429619677,right,2629079482,2215744648,28.725682651252825,1.0612031443070795,0.0,0.5575702698407695,False,20000,500,True,47.55292429619677,2.0,test_window_complete
dan_silenced,58,none,False,,47.52875208787508,right,3010758147,1006714667,28.728268769729482,-1.6755071024438033,0.0,0.5504201201594606,False,20000,500,True,47.52875208787508,2.0,test_window_complete
dan_silenced,59,B,True,0.8674000000000001,21.35182118390777,left,3158119741,1816007316,26.165754969135957,11.404574192438524,0.0,0.5713878322901921,False,20000,500,True,48.15668930626109,2.0,test_window_complete
dan_silenced,60,B,True,1.1841000000000002,28.455936160390134,right,3188843761,1579432102,25.995986323146724,-9.666644917359745,0.0,0.6043273763559323,False,20000,500,True,47.90494008489166,2.0,test_window_complete
dan_silenced,61,A,True,0.894,21.910166555015763,left,3456494746,1483076116,27.06132313295473,0.13313203580115945,0.0,0.5347103998602263,False,20000,500,True,47.55429738523916,2.0,test_window_complete
dan_silenced,62,A,True,0.8652000000000001,21.177617645537783,left,944279951,2193072251,24.872670765198144,-12.78376766045643,0.0,0.5027171264513637,False,20000,500,True,48.026345211611286,2.0,test_window_complete
dan_silenced,63,A,True,0.9087000000000001,22.315622441099663,right,1479905570,3767519229,26.766702183879314,9.548795062516229,0.0,0.5394743626007797,False,20000,500,True,47.994623900165,2.0,test_window_complete
dan_silenced,64,B,True,1.2606000000000002,30.369034675326805,right,2036277379,1094266117,27.067538947303948,-6.425620358081268,0.0,0.5349158112060243,False,20000,500,True,47.83738989123488,2.0,test_window_complete
dan_silenced,65,A,True,1.1747,28.32182870822168,left,1470027206,3757366323,27.58578891452316,-7.028665077889099,0.0,0.5784508030276169,False,20000,500,True,47.84299299820006,2.0,test_window_complete
dan_silenced,66,B,True,1.0242,24.829604329089392,right,1374813668,2392439481,28.415560597796603,-4.243645894277388,0.0,0.5757612855721009,False,20000,500,True,47.53163560270809,2.0,test_window_complete
dan_silenced,67,none,False,,47.405952283496845,left,4080420000,218281041,28.19206300049186,1.5787699250108589,0.0,0.5326970635518494,False,20000,500,True,47.405952283496845,2.0,test_window_complete
dan_silenced,68,A,True,1.3154000000000001,31.575106869190073,right,3746590987,959691297,27.426224591870348,6.998069215271861,0.0,0.5651739063271032,False,20000,500,True,47.61761154945438,2.0,test_window_complete
dan_silenced,69,B,True,1.6732,39.92823803996056,right,2158745784,1690609082,24.970162549374596,-6.757548653431782,0.0,0.587004155907388,False,20000,500,True,47.56907710320179,2.0,test_window_complete
dan_silenced,70,A,True,0.9749000000000001,23.521258663420173,right,3861488491,1708805489,27.84817208248131,-1.2195681916248586,0.0,0.5562669869795809,False,20000,500,True,47.49477274973474,2.0,test_window_complete
dan_silenced,71,A,True,0.9056000000000001,22.230738656356202,left,4164469502,2399240085,27.283688702560326,-5.209018167094777,0.0,0.5778893498791463,False,20000,500,True,47.6890524246957,2.0,test_window_complete
dan_silenced,72,B,True,0.8919,21.54189619094984,left,2151306975,2902438991,27.190344313369472,6.500708960179822,0.0,0.5712646224804994,False,20000,500,True,47.58281902059889,2.0,test_window_complete
dan_silenced,73,A,True,0.864,21.18322878376557,right,4245289137,43006758,26.07470795875804,11.13162943822672,0.0,0.5466947920763058,False,20000,500,True,47.928417820439996,2.0,test_window_complete
dan_silenced,74,B,True,0.8679,21.256554706364167,right,3215817099,1263535561,28.160331772888284,-1.4101474840859178,0.0,0.5650228548196133,False,20000,500,True,47.68985498091877,2.0,test_window_complete
dan_silenced,75,A,True,1.5188000000000001,36.235395397848244,left,3619142548,3833757483,28.1711069083767,-4.594495666008462,0.0,0.5482248204533963,False,20000,500,True,47.643097913075636,2.0,test_window_complete
dan_silenced,76,A,True,0.9073,22.436081290922807,right,3352373413,1524759676,26.784091481201727,9.995574822541723,0.0,0.5598875673644632,False,20000,500,True,48.11757418040247,2.0,test_window_complete
dan_silenced,77,A,True,1.3863,33.14868237913889,right,2270059575,1800055429,27.266688307045854,7.153475583368973,0.0,0.54911671730356,False,20000,500,True,47.71806047614338,2.0,test_window_complete
dan_silenced,78,A,True,0.9251,22.61104961368554,right,4215025749,1094408144,25.47738100497432,12.222202320122863,0.0,0.5484772212141839,False,20000,500,True,47.788674438648336,2.0,test_window_complete
dan_silenced,79,B,True,1.0653000000000001,25.77215190285625,left,3517361075,1063757154,27.61484090446529,7.239943127761327,0.0,0.5718338921699767,False,20000,500,True,47.702142667621985,2.0,test_window_complete
dan_silenced,80,B,True,0.8649,21.059401889040323,right,3137849055,950429876,27.649207262250865,2.41072942657611,0.0,0.5807382232004481,False,20000,500,True,47.68602874042435,2.0,test_window_complete
dan_silenced,81,A,True,1.8551000000000002,44.14684213533162,left,3859339721,2283086162,28.489616303933666,-2.891581622314323,0.0,0.5705125072939897,False,20000,500,True,47.53019674277327,2.0,test_window_complete
dan_silenced,82,A,True,1.2292,29.724861810171454,right,1045761623,2891344451,25.315222808054777,9.689661123148586,0.0,0.5781839811403487,False,20000,500,True,47.86107934123396,2.0,test_window_complete
dan_silenced,83,A,True,0.863,21.077055036468344,left,129141916,874976044,28.446528203859064,-1.654863324443711,0.0,0.562901097093775,False,20000,500,True,47.58816452767249,2.0,test_window_complete
dan_silenced,84,A,True,1.3923,33.4558119118425,right,1358304359,2431437251,27.880485693108994,6.216946019292242,0.0,0.5597194534168044,False,20000,500,True,47.86875167970649,2.0,test_window_complete
dan_silenced,85,B,True,0.8899,21.69532800054421,right,1160040151,1246620523,28.097211418219313,-4.403061975265082,0.0,0.5472199309224407,False,20000,500,True,47.73841251108098,2.0,test_window_complete
dan_silenced,86,A,True,1.0288000000000002,24.987769285383877,left,3319902823,1794939957,28.401852024334424,-2.521386392941085,0.0,0.5741763234784927,False,20000,500,True,47.518169520299814,2.0,test_window_complete
dan_silenced,87,B,True,1.7737,42.42893597299852,right,1520562430,4263963038,28.631665264506143,-2.7145568720040734,0.0,0.532677521626106,False,20000,500,True,47.67637644499205,2.0,test_window_complete
dan_silenced,88,B,True,0.9239,22.434293807181884,right,1977745978,2277999520,24.695727805434345,-12.65594230494013,0.0,0.5833393351458466,False,20000,500,True,48.061372420309056,2.0,test_window_complete
dan_silenced,89,A,True,0.8607,21.042140744374922,left,2865872142,1793865271,28.514481966469543,-2.895291083876233,0.0,0.5555060241427273,False,20000,500,True,47.63829336030939,2.0,test_window_complete
dan_silenced,90,A,True,1.1937,28.834568379854023,left,3272529857,3987542055,28.531057893462712,-0.9383111517676174,0.0,0.5789711386701545,False,20000,500,True,47.50726232632951,2.0,test_window_complete
dan_silenced,91,B,True,0.8702000000000001,21.30632566839524,right,3267188114,459195337,27.33707550524098,-8.999821121407601,0.0,0.5799439559761485,False,20000,500,True,47.94957422394639,2.0,test_window_complete
dan_silenced,92,B,True,0.8605,21.161668232690985,right,2665928188,1979079933,27.87617357017484,-5.290198189075957,0.0,0.5609998786515594,False,20000,500,True,47.838402581486655,2.0,test_window_complete
dan_silenced,93,A,True,0.8982,21.97131826800493,right,3587363441,3826631231,26.397152748426432,10.008971904286229,0.0,0.5589198135368019,False,20000,500,True,47.9602979179957,2.0,test_window_complete
dan_silenced,94,B,True,0.8934000000000001,21.76416964439042,right,366268514,3484850979,19.68189915019161,-17.727807193064937,0.0,0.5687209835757001,False,20000,500,True,47.67867104028161,2.0,test_window_complete
dan_silenced,95,none,False,,47.69569546714764,right,441034353,3911080589,27.800602830080027,-2.4144967688914316,0.0,0.5788117415004493,False,20000,500,True,47.69569546714764,2.0,test_window_complete
dan_silenced,96,A,True,1.441,34.57110649041563,left,1514530970,2063034652,28.10354566318956,-5.071389133319443,0.0,0.5213664486318775,False,20000,500,True,47.71828531548649,2.0,test_window_complete
dan_silenced,97,B,True,1.185,28.55581245379619,right,801634323,869938001,24.667948656014612,-11.177833201184834,0.0,0.5312159920359546,False,20000,500,True,47.798597816575345,2.0,test_window_complete
dan_silenced,98,B,True,0.9217000000000001,22.346606270594037,right,3748907106,411485570,24.22069759687967,-13.407357006657584,0.0,0.5398923653076194,False,20000,500,True,47.951070523891836,2.0,test_window_complete
dan_silenced,99,none,False,,47.5139422143062,right,2992951274,3925740632,28.238423364041175,-0.03783591917051683,0.0,0.5458431038198873,False,20000,500,True,47.5139422143062,2.0,test_window_complete
paired,0,B,True,0.8779,21.457817953585494,right,3329053876,3645748255,26.540728052837977,-9.93508667961912,0.0,0.555733971191482,False,20000,500,True,47.8867813336471,2.0,test_window_complete
paired,1,B,True,0.9005000000000001,22.065575983190108,right,2134191843,3792606954,27.418885279359344,-3.3933978019945816,0.0,0.5372747851975769,False,20000,500,True,47.733721052990845,2.0,test_window_complete
paired,2,B,True,0.8926000000000001,21.804636952822793,right,2436437895,1151155471,28.141217661446664,-4.744746496534281,0.0,0.544927240896571,False,20000,500,True,47.65479901940655,2.0,test_window_complete
paired,3,none,False,,47.51528715052341,right,13771258,2682531787,28.7381590728562,1.6727116538129478,0.0,0.55400211871458,False,20000,500,True,47.51528715052341,2.0,test_window_complete
paired,4,B,True,1.3073000000000001,31.37459610007294,right,1462229373,3921964068,14.120960096892004,-21.635168537833998,0.0,0.5450723061840478,False,20000,500,True,47.69705550322078,2.0,test_window_complete
paired,5,B,True,0.8695,21.2690183529181,right,2248537184,3855881369,26.67625635325373,-10.196855513166897,0.0,0.5546511998616763,False,20000,500,True,47.632160680979766,2.0,test_window_complete
paired,6,B,True,0.8969,21.965796403843882,left,2188516665,429466934,25.902317716628414,9.483080485575979,0.0,0.5580886745442423,False,20000,500,True,47.84214734727691,2.0,test_window_complete
paired,7,A,True,0.9057000000000001,22.16284107440634,right,2737586632,4072755056,24.802725736101564,13.391974452624101,0.0,0.5802506557125003,False,20000,500,True,47.8521094553198,2.0,test_window_complete
paired,8,A,True,1.5202,36.457267759288136,left,1636764939,2234664573,28.099564800613965,-5.0192549374964,0.0,0.5392199618385041,False,20000,500,True,47.711240458198425,2.0,test_window_complete
paired,9,B,True,1.8094000000000001,43.07102376242549,left,4029204688,2943480381,26.008315650176982,5.1219804392631785,0.0,0.5384491948334147,False,20000,500,True,47.54057583042023,2.0,test_window_complete
paired,10,B,True,0.8914000000000001,21.54790886502,right,2052318847,3610168554,18.600946945213472,-17.171378847589878,0.0,0.5552478378830252,False,20000,500,True,47.52145023777213,2.0,test_window_complete
paired,11,B,True,0.8692000000000001,21.25073627111482,right,754147613,4083946371,27.140516341503417,-9.01954210391969,0.0,0.5248138792215905,False,20000,500,True,47.58455530008106,2.0,test_window_complete
paired,12,A,True,1.2776,30.80865762287246,left,2638278883,2512852426,27.581986826824526,-6.0215953045857145,0.0,0.554333564300758,False,20000,500,True,47.609342389687136,2.0,test_window_complete
paired,13,A,True,0.8826,21.58309342523375,left,100706267,2334542786,27.956845274368774,-3.1789241543801303,0.0,0.5451441007716141,False,20000,500,True,47.787535326420624,2.0,test_window_complete
paired,14,A,True,0.9806,23.88342426541037,right,3282634134,2195313851,27.7603949405966,7.219145604708372,0.0,0.5515219827612873,False,20000,500,True,47.70297955152516,2.0,test_window_complete
paired,15,B,True,1.0638,25.799487737497522,left,2546732002,2411233229,28.505475347217025,2.5814877043507507,0.0,0.540127905796494,False,20000,500,True,47.669755728051456,2.0,test_window_complete
paired,16,none,False,,47.65646404476543,right,3659993424,1140446677,28.606833165633677,0.07724774098515355,0.0,0.5452407739475033,False,20000,500,True,47.65646404476543,2.0,test_window_complete
paired,17,A,True,0.8832000000000001,21.60765254318744,left,3998299522,3045367934,27.522318607911927,-3.7043488064704535,0.0,0.5813406824482824,False,20000,500,True,47.555885098648524,2.0,test_window_complete
paired,18,B,True,0.9637,23.382262708352243,left,569373386,2318598388,25.300103900812328,11.282058263572376,0.0,0.5552669360674545,False,20000,500,True,48.05150888921252,2.0,test_window_complete
paired,19,B,True,0.8872,21.581039868550878,right,3274451997,1847994383,27.898309317288575,-6.246074921621376,0.0,0.5914033653870624,False,20000,500,True,47.63259936652185,2.0,test_window_complete
paired,20,B,True,1.1021,26.51959710806492,right,2919912252,3532647606,28.176338560682662,-3.1654496698728543,0.0,0.5592254166558642,False,20000,500,True,47.41928619199404,2.0,test_window_complete
paired,21,B,True,1.1463,27.75937659388058,left,4058920394,3253952273,27.551960896645856,6.848274325214262,0.0,0.5555426173946998,False,20000,500,True,47.71595011873913,2.0,test_window_complete
paired,22,A,True,0.9478000000000001,22.812495600621673,right,2123970655,3662084313,26.241794921816275,10.511702636713157,0.0,0.5939279763898493,False,20000,500,True,47.14487878222704,2.0,test_window_complete
paired,23,B,True,1.1526,27.946826763524864,left,3415289622,1290198544,26.436423722635734,9.150552353326,0.0,0.530937142209273,False,20000,500,True,47.33948889314093,2.0,test_window_complete
paired,24,B,True,1.5056,36.108554496889816,right,1910202036,720826952,25.12144840797996,-8.083791194850718,0.0,0.556862065708038,False,20000,500,True,47.92703890965305,2.0,test_window_complete
paired,25,B,True,0.9344,22.82060767605378,left,3947137033,3554254871,24.833837082976014,13.083023865853995,0.0,0.5390135651561884,False,20000,500,True,48.188604361774814,2.0,test_window_complete
paired,26,A,True,1.0687,25.986448516182254,right,1396475382,2772708567,28.431764151821916,4.09205915988923,0.0,0.5634243707563035,False,20000,500,True,47.64594080125094,2.0,test_window_complete
paired,27,B,True,0.8594,21.07018376410533,right,3420411494,2524977041,27.577818809332225,-8.289760783155776,0.0,0.5449820982536578,False,20000,500,True,47.89098084381694,2.0,test_window_complete
paired,28,none,False,,47.39279338161713,right,3049812762,1457771103,28.57480511470573,-0.3141126598037529,0.0,0.5482539254157259,False,20000,500,True,47.39279338161713,2.0,test_window_complete
paired,29,B,True,0.9731000000000001,23.584214407597848,right,3459555230,725354768,15.779416296027065,-20.577634944127354,0.0,0.5678496986234219,False,20000,500,True,47.06268050730133,2.0,test_window_complete
paired,30,B,True,0.9255,22.686132303131313,left,2446441635,2160239723,25.64165100356507,12.635310062385049,0.0,0.5582896971703027,False,20000,500,True,48.12876699940768,2.0,test_window_complete
paired,31,A,True,0.921,22.489073618796354,right,730038600,3248186979,26.70631305016059,9.855389107989659,0.0,0.565635450905584,False,20000,500,True,47.94754492202084,2.0,test_window_complete
paired,32,B,True,1.736,41.407911969079244,left,3616012249,3212606671,28.372005008759718,3.4984889612944268,0.0,0.5737118371509545,False,20000,500,True,47.61818144882776,2.0,test_window_complete
paired,33,B,True,0.9332,22.70755534722668,right,2600025322,4248454044,27.308011552391207,-8.245125946593365,0.0,0.5465790391937904,False,20000,500,True,47.743892171990524,2.0,test_window_complete
paired,34,B,True,1.1091,26.89086121837508,right,4161493998,4137236358,27.62269525534521,-7.414468628499279,0.0,0.5486626363061716,False,20000,500,True,47.880333322334515,2.0,test_window_complete
paired,35,B,True,1.0471000000000001,25.311464021880976,right,622810370,2418480088,23.235788814348414,-15.68313823009928,0.0,0.5303756275048461,False,20000,500,True,47.88941931956533,2.0,test_window_complete
paired,36,B,True,0.8649,21.11698061755892,right,3205717296,1725745693,25.051975067540596,-12.399075270346778,0.0,0.5826525029520302,False,20000,500,True,47.39548159727062,2.0,test_window_complete
paired,37,A,True,0.8939,21.88921664992499,right,2641484167,2232530563,27.08197891367831,-0.8351619448799119,0.0,0.5516590205216595,False,20000,500,True,47.65154184856845,2.0,test_window_complete
paired,38,none,False,,47.52892845071605,right,485281044,4041841091,28.819434901168382,-1.0082299456559585,0.0,0.5895689036686186,False,20000,500,True,47.52892845071605,2.0,test_window_complete
paired,39,B,True,1.0481,25.57775634878496,right,1220856037,1985799328,23.456672290240363,-16.244295078194778,0.0,0.5278405390315237,False,20000,500,True,48.02914876855027,2.0,test_window_complete
paired,40,B,True,1.2983,31.154112712423267,left,2712757873,3806212997,18.03794859101392,12.346537962501314,0.0,0.551913458203127,False,20000,500,True,47.51285886727449,2.0,test_window_complete
paired,41,none,False,,47.45945015231087,left,633531394,3071536981,28.690431665055577,-1.2006249150636021,0.0,0.5167413376734672,False,20000,500,True,47.45945015231087,2.0,test_window_complete
paired,42,B,True,1.0234,24.918154609131005,right,1088153248,896331821,27.000612607577192,-8.167153860093572,0.0,0.5778738151580802,False,20000,500,True,47.73516129972498,2.0,test_window_complete
paired,43,A,True,0.8925000000000001,21.789116485476736,right,2276546063,658987709,27.17023058476411,8.679078688928886,0.0,0.5486392311681991,False,20000,500,True,47.919096391958846,2.0,test_window_complete
paired,44,none,False,,47.30653806234974,left,2066014223,274102084,10.811212942681571,-21.971136609875707,0.0,0.5482853163844758,False,20000,500,True,47.30653806234974,2.0,test_window_complete
paired,45,B,True,1.7756,42.548575849380136,left,1516483357,3398928728,12.776369448462571,23.253432921916392,0.0,0.5488227501322142,False,20000,500,True,47.68042429910313,2.0,test_window_complete
paired,46,B,True,0.8797,21.520545831133983,right,3579417510,1392708965,27.220725367320405,-8.810728867550866,0.0,0.5675285288719261,False,20000,500,True,47.57302664087187,2.0,test_window_complete
paired,47,B,True,1.729,41.12070689221247,left,2275190673,2909142015,28.05471630403617,3.3880855344221628,0.0,0.559475244915053,False,20000,500,True,47.37634145864575,2.0,test_window_complete
paired,48,A,True,0.8845000000000001,21.55516045806146,left,1630219979,672405161,28.32870552590278,-3.6184010259655204,0.0,0.5597688907906426,False,20000,500,True,47.63012552727895,2.0,test_window_complete
paired,49,B,True,0.8971,21.931507728041147,right,706415061,3909842278,21.57976661855891,-16.992531679783042,0.0,0.574565009691776,False,20000,500,True,47.93000607477212,2.0,test_window_complete
paired,50,B,True,0.9768,23.84291881946254,right,3138274473,1013113302,25.99391540891826,-2.697012854172093,0.0,0.5632288595883862,False,20000,500,True,47.79468885200743,2.0,test_window_complete
paired,51,A,True,0.9839,23.96239416093572,right,1980167153,2947531972,28.139901727048432,5.320597872253504,0.0,0.5833294768519514,False,20000,500,True,47.71497855656839,2.0,test_window_complete
paired,52,A,True,0.9216000000000001,22.452349244753435,left,4070402233,892660040,27.87621215009738,-4.57150701571484,0.0,0.5394359180498556,False,20000,500,True,47.85379912926426,2.0,test_window_complete
paired,53,B,True,0.9822000000000001,23.90113851698802,left,328832613,3744134835,27.163614088708457,8.190139466972061,0.0,0.5687002064546735,False,20000,500,True,47.88886101588153,2.0,test_window_complete
paired,54,B,True,0.9482,23.264350677758664,right,834337713,3666744667,24.45680408511051,-14.813199277867087,0.0,0.5683969415859702,False,20000,500,True,48.16082389361313,2.0,test_window_complete
paired,55,B,True,1.0570000000000002,25.357620434164698,left,3049214328,1521226472,26.525925191113743,8.573232025759939,0.0,0.566486058131204,False,20000,500,True,47.72652584835149,2.0,test_window_complete
paired,56,B,True,0.8988,22.093351507612386,right,3951773225,3056960700,24.37452356649632,-14.596703912815393,0.0,0.5673095271218801,False,20000,500,True,48.36284342798511,2.0,test_window_complete
paired,57,B,True,0.8553000000000001,20.94661103346129,right,2629079482,2215744648,27.71650998652646,-7.7313289990003975,0.0,0.5575702698407695,False,20000,500,True,47.775648782175615,2.0,test_window_complete
paired,58,B,True,0.8598,21.06623879875074,right,3010758147,1006714667,26.673524067416306,-9.91296861023372,0.0,0.5504201201594606,False,20000,500,True,47.80886422309752,2.0,test_window_complete
paired,59,B,True,0.9384,23.05381280498851,left,3158119741,1816007316,20.069075344383272,18.87304158687359,0.0,0.5713878322901921,False,20000,500,True,48.17062539684618,2.0,test_window_complete
paired,60,B,True,0.8663000000000001,21.202176868623,right,3188843761,1579432102,20.991576884278526,-16.08604374159023,0.0,0.6043273763559323,False,20000,500,True,47.753370793854,2.0,test_window_complete
paired,61,A,True,0.8667,21.163166478686446,left,3456494746,1483076116,25.40019561182828,5.396563127044741,0.0,0.5347103998602263,False,20000,500,True,47.48628665587055,2.0,test_window_complete
paired,62,A,True,1.3455000000000001,32.21409542228839,left,944279951,2193072251,27.862981890562466,-5.810421313677454,0.0,0.5027171264513637,False,20000,500,True,47.67345690333745,2.0,test_window_complete
paired,63,A,True,0.8941,21.879704322113316,right,1479905570,3767519229,28.091794351424713,3.1602552838015887,0.0,0.5394743626007797,False,20000,500,True,47.82795756791216,2.0,test_window_complete
paired,64,B,True,0.9982000000000001,24.291149520903282,right,2036277379,1094266117,22.940817386968703,-13.765505685177137,0.0,0.5349158112060243,False,20000,500,True,48.00532131947855,2.0,test_window_complete
paired,65,none,False,,47.56412874384184,left,1470027206,3757366323,28.769759925635213,0.39873007464427046,0.0,0.5784508030276169,False,20000,500,True,47.56412874384184,2.0,test_window_complete
paired,66,B,True,0.8819,21.498983463338927,right,1374813668,2392439481,26.40802671274905,-11.017222520418377,0.0,0.5757612855721009,False,20000,500,True,47.89620620834983,2.0,test_window_complete
paired,67,B,True,1.2323,29.61226992083366,left,4080420000,218281041,26.043984608539976,9.05419497829799,0.0,0.5326970635518494,False,20000,500,True,47.675097919238986,2.0,test_window_complete
paired,68,none,False,,47.46969532521285,right,3746590987,959691297,28.726785157795895,-0.6327449362820692,0.0,0.5651739063271032,False,20000,500,True,47.46969532521285,2.0,test_window_complete
paired,69,B,True,1.2759,30.68064020853979,right,2158745784,1690609082,21.350114209367696,-11.794140837447511,0.0,0.587004155907388,False,20000,500,True,47.38419301399617,2.0,test_window_complete
paired,70,B,True,1.4425000000000001,34.59011081508297,right,3861488491,1708805489,26.216317814834238,-7.498334767994021,0.0,0.5562669869795809,False,20000,500,True,47.84064892507576,2.0,test_window_complete
paired,71,A,True,0.883,21.61723573736607,left,4164469502,2399240085,27.060024140269995,-0.025127245488315214,0.0,0.5778893498791463,False,20000,500,True,47.73811924685021,2.0,test_window_complete
paired,72,B,True,0.9391,22.798808586230933,left,2151306975,2902438991,23.57942046804144,14.193008431881466,0.0,0.5712646224804994,False,20000,500,True,47.735568908891835,2.0,test_window_complete
paired,73,A,True,1.3860000000000001,33.18331141914274,right,4245289137,43006758,28.454768758338467,4.547350474475967,0.0,0.5466947920763058,False,20000,500,True,47.617896756783196,2.0,test_window_complete
paired,74,B,True,0.9077000000000001,22.262279812626094,right,3215817099,1263535561,27.129037338996852,-9.204741434991174,0.0,0.5650228548196133,False,20000,500,True,47.88540048728475,2.0,test_window_complete
paired,75,B,True,1.6478000000000002,39.29589657893644,left,3619142548,3833757483,28.282933989573518,3.3271017737486663,0.0,0.5482248204533963,False,20000,500,True,47.50672537635137,2.0,test_window_complete
paired,76,A,True,0.8688,21.432637560701725,right,3352373413,1524759676,27.868732793214452,5.716030217640666,0.0,0.5598875673644632,False,20000,500,True,47.86967622381013,2.0,test_window_complete
paired,77,none,False,,47.589363085799555,right,2270059575,1800055429,28.719591458522313,-0.9746108797783315,0.0,0.54911671730356,False,20000,500,True,47.589363085799555,2.0,test_window_complete
paired,78,A,True,0.8653000000000001,21.182321479556197,right,4215025749,1094408144,27.2925270623892,7.154079536824116,0.0,0.5484772212141839,False,20000,500,True,47.69317025805375,2.0,test_window_complete
paired,79,B,True,0.8928,21.725835457624456,left,3517361075,1063757154,24.46038458155839,13.701692105720063,0.0,0.5718338921699767,False,20000,500,True,47.90636614464325,2.0,test_window_complete
paired,80,B,True,0.8955000000000001,21.98119905057558,right,3137849055,950429876,27.855918079690515,-4.850088017989877,0.0,0.5807382232004481,False,20000,500,True,47.6823075712915,2.0,test_window_complete
paired,81,B,True,1.3114000000000001,31.51071431697722,left,3859339721,2283086162,28.156639002390058,4.789769772363431,0.0,0.5705125072939897,False,20000,500,True,47.62768317344458,2.0,test_window_complete
paired,82,A,True,1.9654,46.720992574847024,right,1045761623,2891344451,27.90477535720285,2.935448916354841,0.0,0.5781839811403487,False,20000,500,True,47.57461343887395,2.0,test_window_complete
paired,83,B,True,1.6480000000000001,39.41417371131063,left,129141916,874976044,27.480132153797882,4.652639489883219,0.0,0.562901097093775,False,20000,500,True,47.63180649829763,2.0,test_window_complete
paired,84,B,True,1.6089,38.43043788352622,right,1358304359,2431437251,28.752067588558727,-2.3381886723083904,0.0,0.5597194534168044,False,20000,500,True,47.557615147344,2.0,test_window_complete
paired,85,B,True,0.9619000000000001,23.49016175181615,right,1160040151,1246620523,25.97262296590774,-11.689840783829862,0.0,0.5472199309224407,False,20000,500,True,47.93159545768676,2.0,test_window_complete
paired,86,B,True,1.6529,39.590530139295765,left,3319902823,1794939957,27.338810175454636,5.484573011296211,0.0,0.5741763234784927,False,20000,500,True,47.62074706533114,2.0,test_window_complete
paired,87,B,True,1.01,24.470321049029756,right,1520562430,4263963038,26.95223510264166,-8.679980661108079,0.0,0.532677521626106,False,20000,500,True,47.88250955529796,2.0,test_window_complete
paired,88,B,True,0.9462,23.09165322341698,right,1977745978,2277999520,18.24644716248917,-18.716474479494888,0.0,0.5833393351458466,False,20000,500,True,47.82672107594639,2.0,test_window_complete
paired,89,B,True,1.7294,41.26507703761837,left,2865872142,1793865271,27.45829636223691,4.587268217513829,0.0,0.5555060241427273,False,20000,500,True,47.695967005397215,2.0,test_window_complete
paired,90,B,True,1.5594000000000001,37.18947836740093,left,3272529857,3987542055,27.02673585988711,6.421342050297414,0.0,0.5789711386701545,False,20000,500,True,47.28831683933959,2.0,test_window_complete
paired,91,B,True,0.9097000000000001,22.31059297946201,right,3267188114,459195337,24.054151519836292,-15.098054695405194,0.0,0.5799439559761485,False,20000,500,True,48.133979693767735,2.0,test_window_complete
paired,92,B,True,0.8952,21.88670156758035,right,2665928188,1979079933,25.29208222510921,-12.582004679599212,0.0,0.5609998786515594,False,20000,500,True,48.05971148188841,2.0,test_window_complete
paired,93,A,True,1.5536,37.152908549545835,right,3587363441,3826631231,28.42815628201644,2.8377575726261086,0.0,0.5589198135368019,False,20000,500,True,47.588658027817374,2.0,test_window_complete
paired,94,B,True,1.0581,25.585002296993213,right,366268514,3484850979,12.980563682427446,-21.33735506976827,0.0,0.5687209835757001,False,20000,500,True,47.51216850238356,2.0,test_window_complete
paired,95,B,True,1.329,32.00777182882489,right,441034353,3911080589,25.058179441424045,-9.913884306232648,0.0,0.5788117415004493,False,20000,500,True,47.75498918569276,2.0,test_window_complete
paired,96,B,True,1.0649,25.819963502356448,left,1514530970,2063034652,28.448296819849553,4.518784401527291,0.0,0.5213664486318775,False,20000,500,True,47.63951641093369,2.0,test_window_complete
paired,97,B,True,0.8833000000000001,21.552768996883458,right,801634323,869938001,20.339945503692554,-16.557947855514488,0.0,0.5312159920359546,False,20000,500,True,47.71029151469498,2.0,test_window_complete
paired,98,B,True,0.8939,21.81068479761212,right,3748907106,411485570,19.054181372925335,-18.336430227114352,0.0,0.5398923653076194,False,20000,500,True,47.79901198010346,2.0,test_window_complete
paired,99,B,True,0.8548,21.01545045388526,right,2992951274,3925740632,27.21776251466682,-7.89992281886167,0.0,0.5458431038198873,False,20000,500,True,47.95141099296839,2.0,test_window_complete
unpaired,0,B,True,0.8848,21.59731998519921,right,955475868,2752441786,27.089411420249995,-9.631724555390434,0.0,0.0,False,20000,500,True,47.811151368506245,2.0,test_window_complete
unpaired,1,A,True,0.8626,21.072070707490024,left,1385871029,768476226,28.260407225688482,-0.4968008393620758,0.0,0.0,False,20000,500,True,47.444649119344575,2.0,test_window_complete
unpaired,2,B,True,1.4325,34.32978272568157,right,1939820029,3245613808,27.08760847507736,-7.200582761760911,0.0,0.0,False,20000,500,True,47.76068406370981,2.0,test_window_complete
unpaired,3,A,True,0.8627,21.016427665011378,left,627778343,2952116957,28.224420052955374,0.8810901649791876,0.0,0.0,False,20000,500,True,47.621660975952175,2.0,test_window_complete
unpaired,4,B,True,0.8668,21.118197670174787,right,2097342444,1126870124,27.148622460404276,-8.663200956914629,0.0,0.0,False,20000,500,True,47.729215204187874,2.0,test_window_complete
unpaired,5,B,True,1.4778,35.42024606887556,left,142140079,896875574,28.02125676046509,5.414452605665671,0.0,0.0,False,20000,500,True,47.70389789284882,2.0,test_window_complete
unpaired,6,A,True,1.7981,42.81233715640952,right,2715768615,2175957017,27.18593557803614,4.400956746198004,0.0,0.0,False,20000,500,True,47.643282182298066,2.0,test_window_complete
unpaired,7,none,False,,47.54080023688389,right,489233195,2267604127,28.226975623664877,1.5235291090698335,0.0,0.0,False,20000,500,True,47.54080023688389,2.0,test_window_complete
unpaired,8,A,True,0.9332,22.699016011373665,left,2839235966,318932432,28.09589028576253,-6.440858902674578,0.0,0.0,False,20000,500,True,47.74908266672478,2.0,test_window_complete
unpaired,9,B,True,0.8581000000000001,21.067872636241564,right,2230699753,3608365212,27.56789069433979,2.0944510079225975,0.0,0.0,False,20000,500,True,47.83527910861762,2.0,test_window_complete
unpaired,10,A,True,0.8956000000000001,21.76545197822503,right,2642074040,749716156,27.4367025001823,6.8929292105503235,0.0,0.0,False,20000,500,True,47.58380737923178,2.0,test_window_complete
unpaired,11,none,False,,47.697604401560675,right,2170551254,2963343449,28.407887505986483,-0.42570779634328926,0.0,0.0,False,20000,500,True,47.697604401560675,2.0,test_window_complete
unpaired,12,none,False,,47.67976853784545,left,838615200,1067313526,28.026086334321704,2.191368837258232,0.0,0.0,False,20000,500,True,47.67976853784545,2.0,test_window_complete
unpaired,13,none,False,,47.468808352154,left,4022105731,2830433309,27.75325381615076,1.0612494412321283,0.0,0.0,False,20000,500,True,47.468808352154,2.0,test_window_complete
unpaired,14,A,True,1.1899,28.63087599388283,left,3027646511,834417383,25.90921330244619,-9.197725338405059,0.0,0.0,False,20000,500,True,47.743458598214154,2.0,test_window_complete
unpaired,15,B,True,0.8589,20.985690259837142,right,2213083668,3818858139,26.475014769069716,-10.130052031472426,0.0,0.0,False,20000,500,True,47.630424549828994,2.0,test_window_complete
unpaired,16,none,False,,47.63015617470668,left,1950616845,3632979354,28.163543562396953,1.60943973305641,0.0,0.0,False,20000,500,True,47.63015617470668,2.0,test_window_complete
unpaired,17,B,True,0.9760000000000001,23.763067517730676,left,2566381643,2059869136,25.95368507076369,10.618207273993754,0.0,0.0,False,20000,500,True,47.97583228690773,2.0,test_window_complete
unpaired,18,B,True,0.894,21.761300165344878,left,3757437991,3102981037,25.069092752272855,11.589709265853955,0.0,0.0,False,20000,500,True,47.8515251348602,2.0,test_window_complete
unpaired,19,A,True,1.1856,28.439624801177764,left,2060858695,179496898,27.716324884041256,-5.930656541089074,0.0,0.0,False,20000,500,True,47.58771861246349,2.0,test_window_complete
unpaired,20,none,False,,47.78748234646385,right,1413633581,3166663138,28.10452912959922,2.1144653800385256,0.0,0.0,False,20000,500,True,47.78748234646385,2.0,test_window_complete
unpaired,21,B,True,0.9922000000000001,24.227958892599833,left,122713397,4111998277,25.705363420857786,11.715257515259516,0.0,0.0,False,20000,500,True,47.8879375999108,2.0,test_window_complete
unpaired,22,A,True,0.8788,21.46757935779456,left,2849823307,182630802,27.570424495096994,-8.394716132880797,0.0,0.0,False,20000,500,True,47.90640552123107,2.0,test_window_complete
unpaired,23,A,True,0.8677,21.184473270112907,left,494369451,3457272334,26.726819037248063,4.131289702966927,0.0,0.0,False,20000,500,True,47.69995085542264,2.0,test_window_complete
unpaired,24,B,True,1.6455000000000002,39.34983937533344,left,2770379216,2469532856,26.798171872218578,5.767065814671113,0.0,0.0,False,20000,500,True,47.719755645857376,2.0,test_window_complete
unpaired,25,A,True,1.1878,28.772280505924414,left,3130447520,3213543118,28.117604215665175,-5.974535830003732,0.0,0.0,False,20000,500,True,47.88138642088478,2.0,test_window_complete
unpaired,26,A,True,0.8899,21.729452477687367,left,3030627323,2315942858,27.22681529373584,-8.19992640000738,0.0,0.0,False,20000,500,True,47.87985711131432,2.0,test_window_complete
unpaired,27,B,True,0.8639,21.221499350267766,left,1132983460,3791823997,24.905375227234277,12.37603945268808,0.0,0.0,False,20000,500,True,48.06969032464225,2.0,test_window_complete
unpaired,28,B,True,1.0269000000000001,24.934090902884282,right,2072618667,2262563065,26.476044569967474,-9.478311339407274,0.0,0.0,False,20000,500,True,47.838525778188206,2.0,test_window_complete
unpaired,29,A,True,0.8685,21.223056784346955,left,1995532939,67565236,27.94959894871379,-6.078808139842302,0.0,0.0,False,20000,500,True,47.69246988322527,2.0,test_window_complete
unpaired,30,B,True,0.8693000000000001,21.22323394816683,right,3541733859,903436547,26.962105868599753,-9.087389067705379,0.0,0.0,False,20000,500,True,47.85649496396878,2.0,test_window_complete
unpaired,31,B,True,1.5102,36.168762935080366,right,1620631269,3921930341,27.599189598438066,-6.171564326676066,0.0,0.0,False,20000,500,True,47.6591260390977,2.0,test_window_complete
unpaired,32,B,True,0.8829,21.682439610548386,left,3978526224,524769297,26.146300769223572,11.368728958928365,0.0,0.0,False,20000,500,True,48.04977225904439,2.0,test_window_complete
unpaired,33,A,True,1.794,42.73291851731692,right,2362849349,241649833,27.298996401090534,4.61271902028795,0.0,0.0,False,20000,500,True,47.64501266486505,2.0,test_window_complete
unpaired,34,A,True,1.5207000000000002,36.58123997791655,left,836076801,66832213,24.959224893016927,-8.064492518037035,0.0,0.0,False,20000,500,True,47.802106859700885,2.0,test_window_complete
unpaired,35,A,True,0.8694000000000001,21.30359193604097,right,2467771855,852979042,27.923355240935173,4.568203342023589,0.0,0.0,False,20000,500,True,47.75850167455889,2.0,test_window_complete
unpaired,36,B,True,0.8978,21.863769394785557,right,1885716666,2240416943,23.638462948362108,-14.629496679265735,0.0,0.0,False,20000,500,True,47.85651856009282,2.0,test_window_complete
unpaired,37,none,False,,47.54422068126268,right,3437822141,986870289,28.697945013647043,-1.373622806145555,0.0,0.0,False,20000,500,True,47.54422068126268,2.0,test_window_complete
unpaired,38,A,True,1.8866,45.075900495875594,right,1075327595,291948621,28.01362570408349,3.164043670419485,0.0,0.0,False,20000,500,True,47.79962316005695,2.0,test_window_complete
unpaired,39,A,True,0.8973000000000001,21.969001078211903,right,7772270,4233497744,25.353011129270374,9.602406572039923,0.0,0.0,False,20000,500,True,47.662886488117394,2.0,test_window_complete
unpaired,40,A,True,1.1021,26.660361744597598,left,4130064786,4207104768,28.708527314071794,-2.512467582525184,0.0,0.0,False,20000,500,True,47.58962317335219,2.0,test_window_complete
unpaired,41,B,True,0.8989,22.06872782735874,right,980178721,1617115261,27.603933289737913,-5.226444528571073,0.0,0.0,False,20000,500,True,47.77726536205915,2.0,test_window_complete
unpaired,42,B,True,0.859,21.039183527642887,right,713212168,3474315045,28.60325874165413,-2.2313697220363395,0.0,0.0,False,20000,500,True,47.57724094872372,2.0,test_window_complete
unpaired,43,A,True,0.8963000000000001,21.89615361629905,right,2299280978,227119656,27.206605718908516,-3.5513280443781947,0.0,0.0,False,20000,500,True,47.7223749756689,2.0,test_window_complete
unpaired,44,A,True,0.9368000000000001,22.800166505000806,left,673224117,1120036182,27.324528894766686,-8.162957079660536,0.0,0.0,False,20000,500,True,47.73011239698322,2.0,test_window_complete
unpaired,45,none,False,,47.449269215731874,left,1201720280,1416430861,28.448817555357106,0.5585665653639504,0.0,0.0,False,20000,500,True,47.449269215731874,2.0,test_window_complete
unpaired,46,none,False,,47.57723181241055,right,2507094725,2557437514,28.1555883529057,2.1222511309200116,0.0,0.0,False,20000,500,True,47.57723181241055,2.0,test_window_complete
unpaired,47,A,True,1.2554,30.144410897320565,left,688547501,2114554401,26.08006170340496,-8.981457582379461,0.0,0.0,False,20000,500,True,47.86814064949083,2.0,test_window_complete
unpaired,48,B,True,1.1480000000000001,27.707433434541638,left,1108954884,3972817021,27.427841040155403,6.3857961274573505,0.0,0.0,False,20000,500,True,47.541708995413615,2.0,test_window_complete
unpaired,49,A,True,1.2669000000000001,30.38728409615236,left,304536554,806634961,26.5581728346776,-6.824851191169514,0.0,0.0,False,20000,500,True,47.47267608347029,2.0,test_window_complete
unpaired,50,A,True,0.9002,22.004252206110433,left,3544387216,1137116358,23.82272548598243,-15.363156127732713,0.0,0.0,False,20000,500,True,48.086210733101126,2.0,test_window_complete
unpaired,51,A,True,0.869,21.31270481633333,left,1945319640,2055044093,27.80333583896342,-6.641696794458887,0.0,0.0,False,20000,500,True,47.85611970359349,2.0,test_window_complete
unpaired,52,B,True,0.9347000000000001,22.741661569712875,left,2214124115,3877289554,27.31207829154505,4.147149779185342,0.0,0.0,False,20000,500,True,47.50899743880401,2.0,test_window_complete
unpaired,53,A,True,1.0455,25.221954516561862,right,2469887896,3724166608,20.980721935516865,14.670484335114446,0.0,0.0,False,20000,500,True,47.919614163250245,2.0,test_window_complete
unpaired,54,B,True,0.8933000000000001,21.788112119434462,right,77698709,1545483365,27.484353719644055,0.8715759243487141,0.0,0.0,False,20000,500,True,47.588715720507025,2.0,test_window_complete
unpaired,55,A,True,1.9798,47.054889802859044,right,2004767558,1070064692,28.023633026900953,2.5263559750442974,0.0,0.0,False,20000,500,True,47.50734045454549,2.0,test_window_complete
unpaired,56,B,True,0.8661000000000001,21.26378005311955,right,1752844073,3429430403,26.053418916711802,-11.109866388978444,0.0,0.0,False,20000,500,True,47.9132981505185,2.0,test_window_complete
unpaired,57,B,True,0.8653000000000001,21.114418325659607,right,3778444397,590857229,26.243603346836696,-0.888239073938923,0.0,0.0,False,20000,500,True,47.684659042085215,2.0,test_window_complete
unpaired,58,none,False,,47.57557703860117,left,3826842846,1493381415,28.93650676348283,-1.2247546189085734,0.0,0.0,False,20000,500,True,47.57557703860117,2.0,test_window_complete
unpaired,59,A,True,1.1096000000000001,26.90743344235726,left,2010903334,645161916,24.329593694825864,-11.119297420744969,0.0,0.0,False,20000,500,True,47.66024128646573,2.0,test_window_complete
unpaired,60,A,True,0.8918,21.825458640167344,left,3912396461,585059931,27.51949127967751,-3.62546760221233,0.0,0.0,False,20000,500,True,47.85151721526151,2.0,test_window_complete
unpaired,61,B,True,1.6275000000000002,38.78962845589943,left,1832543258,2734663,27.3888956192221,4.826895990643159,0.0,0.0,False,20000,500,True,47.57281884230894,2.0,test_window_complete
unpaired,62,A,True,1.235,29.845594479047676,right,3363441148,365879602,27.831108796182807,6.753652313196853,0.0,0.0,False,20000,500,True,47.78057672977241,2.0,test_window_complete
unpaired,63,A,True,0.8935000000000001,21.857258980104174,left,3082936044,3788162984,26.348878480473328,-10.574596671701862,0.0,0.0,False,20000,500,True,47.984357358498535,2.0,test_window_complete
unpaired,64,none,False,,46.74208138959332,right,1621913117,921262985,28.693473368634017,-1.7728219270290642,0.0,0.0,False,20000,500,True,46.74208138959332,2.0,test_window_complete
unpaired,65,none,False,,47.610024212189465,right,2641446120,1810483493,28.747563213118557,1.324204304886918,0.0,0.0,False,20000,500,True,47.610024212189465,2.0,test_window_complete
unpaired,66,A,True,0.8639,21.217580139199278,left,763887471,2318040965,27.99177848871842,-3.7799292602255075,0.0,0.0,False,20000,500,True,47.59891637052222,2.0,test_window_complete
unpaired,67,A,True,0.861,21.067921563752503,left,332805299,811496597,25.175466842369307,-10.537487546100454,0.0,0.0,False,20000,500,True,47.710121822380316,2.0,test_window_complete
unpaired,68,B,True,0.8919,21.787042415050994,right,3375487773,2362424674,26.22179817580378,-11.451543593983773,0.0,0.0,False,20000,500,True,48.033926084286826,2.0,test_window_complete
unpaired,69,A,True,1.1832,28.48359841132744,left,402328833,3252228157,28.201232900227133,-5.417820772885341,0.0,0.0,False,20000,500,True,47.74345725336874,2.0,test_window_complete
unpaired,70,B,True,0.8677,21.15103437142514,right,3207350679,528912470,28.02103409156809,0.6701778498989691,0.0,0.0,False,20000,500,True,47.606950866863514,2.0,test_window_complete
unpaired,71,A,True,1.8116,43.173810221327315,right,3941906431,3179841765,28.182207520617027,3.5580332693532144,0.0,0.0,False,20000,500,True,47.60822932431593,2.0,test_window_complete
unpaired,72,B,True,0.8836,21.517204200392772,right,2328410320,719920358,27.95131459625603,-6.156264923140237,0.0,0.0,False,20000,500,True,47.660576804100046,2.0,test_window_complete
unpaired,73,B,True,0.8570000000000001,21.03228213466077,right,3986166752,4129571350,27.167566726840338,-8.437669602993365,0.0,0.0,False,20000,500,True,47.70165174064381,2.0,test_window_complete
unpaired,74,B,True,0.9089,21.991014131470866,left,4159358781,1776834509,25.515608547543486,12.097449429788103,0.0,0.0,False,20000,500,True,47.74931170902914,2.0,test_window_complete
unpaired,75,B,True,0.8586,21.137717365136172,left,46126036,4267343335,28.317459211750133,2.140448281324203,0.0,0.0,False,20000,500,True,47.55231100056481,2.0,test_window_complete
unpaired,76,B,True,0.8949,21.819767531241197,right,1726369811,2020893176,23.32877548226878,-15.339874012426508,0.0,0.0,False,20000,500,True,48.088832787804066,2.0,test_window_complete
unpaired,77,B,True,0.8837,21.726678715561484,left,849234220,3249187759,28.14199197724512,4.623726323234407,0.0,0.0,False,20000,500,True,47.64722075914434,2.0,test_window_complete
unpaired,78,B,True,1.1913,28.835292245998644,right,1376195506,3260070931,28.19991643287512,0.8768484996345446,0.0,0.0,False,20000,500,True,47.74989947143699,2.0,test_window_complete
unpaired,79,none,False,,47.632300162459856,left,21632944,2526431416,28.81167082054493,-1.6882176329327503,0.0,0.0,False,20000,500,True,47.632300162459856,2.0,test_window_complete
unpaired,80,A,True,0.8666,21.2187477634505,right,2575405593,917019716,27.60911807421806,7.067151637318267,0.0,0.0,False,20000,500,True,47.705297337626796,2.0,test_window_complete
unpaired,81,none,False,,47.60393213733441,right,936491844,1973358536,28.71664286086836,-1.5355533798496983,0.0,0.0,False,20000,500,True,47.60393213733441,2.0,test_window_complete
unpaired,82,A,True,0.8699,21.30650737381742,left,3650290517,1627982527,28.02303527576754,-4.650074658022095,0.0,0.0,False,20000,500,True,47.52429839988284,2.0,test_window_complete
unpaired,83,B,True,0.8939,21.792491983514367,right,3549915196,2839288286,24.301530800337673,-13.305741735747521,0.0,0.0,False,20000,500,True,47.714667788821444,2.0,test_window_complete
unpaired,84,B,True,1.0689,25.850704236167864,left,1929121048,3707939549,28.180173196251957,4.532779844413241,0.0,0.0,False,20000,500,True,47.557652209584596,2.0,test_window_complete
unpaired,85,B,True,1.1024,26.561268067264525,right,228299238,1588621829,27.931597350864006,-1.129331332448977,0.0,0.0,False,20000,500,True,47.58326953204199,2.0,test_window_complete
unpaired,86,A,True,0.9204,22.29947411588007,right,3298717521,2233213468,25.956747458857425,8.666699662697578,0.0,0.0,False,20000,500,True,47.09468987637158,2.0,test_window_complete
unpaired,87,A,True,0.8927,21.815355400682968,left,1663888639,2307885430,27.92160743002237,-5.006976517078733,0.0,0.0,False,20000,500,True,47.268585737748126,2.0,test_window_complete
unpaired,88,none,False,,47.42495641984999,left,335752395,3568682530,28.544263071138968,1.8880032172208656,0.0,0.0,False,20000,500,True,47.42495641984999,2.0,test_window_complete
unpaired,89,A,True,1.3154000000000001,31.70515841983586,right,2876555510,2943583598,27.895600389784917,5.590800037063903,0.0,0.0,False,20000,500,True,47.73768058509526,2.0,test_window_complete
unpaired,90,B,True,0.8683000000000001,21.24537736749319,right,227560834,3175687050,27.621279059684067,-8.02320976890152,0.0,0.0,False,20000,500,True,47.730466990320075,2.0,test_window_complete
unpaired,91,A,True,1.0322,25.08329533203025,left,2128108600,3072361404,25.472837691275174,-6.827242901888482,0.0,0.0,False,20000,500,True,47.404727408047684,2.0,test_window_complete
unpaired,92,B,True,1.3667,32.802463527319574,left,1828153187,1272126196,23.468353858189776,10.5102594752822,0.0,0.0,False,20000,500,True,47.603746521584085,2.0,test_window_complete
unpaired,93,B,True,1.0225,24.867416995805076,right,2718095249,1825698903,21.375973320894545,-14.26403043426873,0.0,0.0,False,20000,500,True,47.1689000279797,2.0,test_window_complete
unpaired,94,A,True,0.8938,21.792992369954053,right,1558397850,2102997494,28.361266785082716,1.5994507976293637,0.0,0.0,False,20000,500,True,47.62209985332501,2.0,test_window_complete
unpaired,95,B,True,1.209,29.151448632798527,left,2100570891,912483024,27.385198846803632,6.880141375983701,0.0,0.0,False,20000,500,True,47.75818827813194,2.0,test_window_complete
unpaired,96,A,True,0.8908,21.727472915097465,right,1134976306,3046228486,24.594422636376706,-4.348473775590769,0.0,0.0,False,20000,500,True,47.515389258319374,2.0,test_window_complete
unpaired,97,A,True,0.9417000000000001,22.83324461196415,left,2339181573,3853401108,28.500718516995796,-3.0788651760141628,0.0,0.0,False,20000,500,True,47.505480047115306,2.0,test_window_complete
unpaired,98,B,True,1.0224,24.815226314807333,right,1235202696,3357203643,28.32353185851955,-2.9616261699961064,0.0,0.0,False,20000,500,True,47.655785528373386,2.0,test_window_complete
unpaired,99,B,True,1.1435,27.619566053857845,left,3341643203,815835993,28.399496620467,4.256236439171007,0.0,0.0,False,20000,500,True,47.66209731273829,2.0,test_window_complete
untrained,0,none,False,,47.6534262766319,left,3444837047,2669555309,28.459643210513956,-2.2278922118671494,0.0,0.0,False,20000,500,True,47.6534262766319,2.0,test_window_complete
untrained,1,B,True,1.4823000000000002,35.5990242036097,left,1896493428,3729148397,28.569526981641495,3.306861564809171,0.0,0.0,False,20000,500,True,47.67730131952745,2.0,test_window_complete
untrained,2,B,True,1.3197,31.918707892746582,left,697079281,3169369488,26.242557946270367,7.995028077828166,0.0,0.0,False,20000,500,True,48.011148876165976,2.0,test_window_complete
untrained,3,B,True,0.9393,23.00018906378687,right,1494732172,1183707961,28.018920880321527,-2.7601487376055998,0.0,0.0,False,20000,500,True,47.699926520122766,2.0,test_window_complete
untrained,4,A,True,0.8682000000000001,21.239773718406816,left,4101183755,3626270669,27.726794123258404,-0.8708079301098057,0.0,0.0,False,20000,500,True,47.562900164944715,2.0,test_window_complete
untrained,5,A,True,1.8949,45.15415393099904,right,3625716501,2008327831,28.661117952405945,2.9892795059967927,0.0,0.0,False,20000,500,True,47.600212248669074,2.0,test_window_complete
untrained,6,A,True,1.9369,46.145777193414084,left,1703491874,1819256776,28.385119432687933,-2.8220217965421615,0.0,0.0,False,20000,500,True,47.611507040535685,2.0,test_window_complete
untrained,7,A,True,0.8655,21.061985458432424,left,346678866,498856915,27.072391373407985,3.5799700905176657,0.0,0.0,False,20000,500,True,47.68644580961853,2.0,test_window_complete
untrained,8,none,False,,47.663440735278364,left,3076293740,2456030358,28.74129325974514,0.6835641385878103,0.0,0.0,False,20000,500,True,47.663440735278364,2.0,test_window_complete
untrained,9,B,True,1.5086000000000002,36.25388340284785,right,260547594,1481322090,27.67280532892847,-5.276091397172375,0.0,0.0,False,20000,500,True,47.910609566343204,2.0,test_window_complete
untrained,10,A,True,1.401,33.47920074645782,right,60166320,2055989236,27.451051950635218,5.925283372580254,0.0,0.0,False,20000,500,True,47.46075526484216,2.0,test_window_complete
untrained,11,B,True,0.9023,22.17263732395948,right,2284616113,1854280633,27.142339324417698,-9.332314832510768,0.0,0.0,False,20000,500,True,47.806922873339126,2.0,test_window_complete
untrained,12,A,True,0.8560000000000001,20.961930523769595,left,573185945,2146753865,28.03035285681259,-6.613817580481391,0.0,0.0,False,20000,500,True,47.80975199917294,2.0,test_window_complete
untrained,13,A,True,1.0268000000000002,24.918367029739308,left,4080705672,114307918,28.430172953090104,0.3114953683779815,0.0,0.0,False,20000,500,True,47.64010032500254,2.0,test_window_complete
untrained,14,B,True,1.3757000000000001,32.97412427602717,left,379414071,4226734516,25.005570102109175,8.906397463912434,0.0,0.0,False,20000,500,True,47.87979751748635,2.0,test_window_complete
untrained,15,A,True,0.8686,21.34814951896914,left,2001957289,1737338364,27.477557586411233,-8.517032978103503,0.0,0.0,False,20000,500,True,47.82939563013584,2.0,test_window_complete
untrained,16,A,True,0.9058,22.1152845190267,right,3134574098,1521832041,23.474373339693017,14.340095836426627,0.0,0.0,False,20000,500,True,48.01675059340933,2.0,test_window_complete
untrained,17,A,True,0.8661000000000001,21.225306115981784,right,2773652197,969393129,26.139368937188404,11.350377727285515,0.0,0.0,False,20000,500,True,48.097542410233636,2.0,test_window_complete
untrained,18,A,True,0.8686,21.31248998487703,left,1877138521,3167264854,27.49609621857772,-8.83895936239941,0.0,0.0,False,20000,500,True,47.94108210662501,2.0,test_window_complete
untrained,19,A,True,0.8667,21.17847430881523,left,512693053,3011949697,28.08410918540293,-0.17901974259446174,0.0,0.0,False,20000,500,True,47.58614834776466,2.0,test_window_complete
untrained,20,A,True,0.8936000000000001,21.836927005697536,left,2186854780,3846825668,27.87384709934322,-4.549548763420954,0.0,0.0,False,20000,500,True,47.04497740731145,2.0,test_window_complete
untrained,21,B,True,0.8591000000000001,21.0198172999283,right,48600326,3878754367,27.74199549565314,-6.678702071706641,0.0,0.0,False,20000,500,True,47.57486174473285,2.0,test_window_complete
untrained,22,none,False,,47.57507487737348,right,3300073225,2322922143,28.555668056086134,2.23254040271185,0.0,0.0,False,20000,500,True,47.57507487737348,2.0,test_window_complete
untrained,23,B,True,0.8591000000000001,20.98338973565101,right,1647789022,2559464799,28.327288091397293,-2.6056360953297473,0.0,0.0,False,20000,500,True,47.491143047938344,2.0,test_window_complete
untrained,24,B,True,0.8806,21.423090066596156,right,226409240,1152561464,26.655539768696602,-9.598510702275133,0.0,0.0,False,20000,500,True,47.76949304811415,2.0,test_window_complete
untrained,25,B,True,0.9397000000000001,23.187906070289674,left,257476557,1041529032,22.089351259249796,17.319437169560832,0.0,0.0,False,20000,500,True,48.31811006675726,2.0,test_window_complete
untrained,26,none,False,,47.47648606334594,left,11277582,1085391177,28.197585261933455,-2.1469899698969206,0.0,0.0,False,20000,500,True,47.47648606334594,2.0,test_window_complete
untrained,27,A,True,0.9328000000000001,22.61597620185942,right,268891022,3946779620,27.332922678637104,6.341069902786189,0.0,0.0,False,20000,500,True,46.91464204990714,2.0,test_window_complete
untrained,28,A,True,0.8947,21.87884464617479,left,1127914578,2843311930,27.347717498862345,-6.302707831125247,0.0,0.0,False,20000,500,True,47.61630028285378,2.0,test_window_complete
untrained,29,B,True,1.8924,45.05115401957665,left,718766700,4038311998,26.54344004106779,3.7620311398242157,0.0,0.0,False,20000,500,True,47.689230525594446,2.0,test_window_complete
untrained,30,A,True,1.1718,28.213882828941077,left,4179011918,3036359436,24.967100951248753,-10.743276913131464,0.0,0.0,False,20000,500,True,47.85790483923612,2.0,test_window_complete
untrained,31,none,False,,47.380692570305555,left,1073266673,2076780447,28.626238855114295,-1.4860760477756654,0.0,0.0,False,20000,500,True,47.380692570305555,2.0,test_window_complete
untrained,32,B,True,0.8814000000000001,21.548030433531395,right,1744947823,2465787544,26.34120718871941,-10.73669635651968,0.0,0.0,False,20000,500,True,47.9160059529786,2.0,test_window_complete
untrained,33,A,True,1.0034,24.262219941406528,left,3492497532,663708340,27.9984476419037,-6.354734972616415,0.0,0.0,False,20000,500,True,47.68443086189416,2.0,test_window_complete
untrained,34,A,True,0.933,22.80514264345766,left,1958473412,3595996709,26.97901103369889,-9.35111166471545,0.0,0.0,False,20000,500,True,47.83085518029757,2.0,test_window_complete
untrained,35,A,True,0.9254,22.511786453272034,left,2992123482,596219886,27.451575520448948,-7.801689055341561,0.0,0.0,False,20000,500,True,47.85940554427893,2.0,test_window_complete
untrained,36,B,True,1.8158,43.34466411885394,left,2971326602,1017094903,27.4632646538956,4.046531582430723,0.0,0.0,False,20000,500,True,47.585463391832874,2.0,test_window_complete
untrained,37,A,True,1.0978,26.602096550635967,left,1756192980,3848460066,26.770375503277297,-8.46970577606362,0.0,0.0,False,20000,500,True,48.05064291997235,2.0,test_window_complete
untrained,38,A,True,1.8549,44.18765655676139,left,2253108686,2410831930,28.662771102007063,-2.617006256948198,0.0,0.0,False,20000,500,True,47.60785497584273,2.0,test_window_complete
untrained,39,B,True,1.951,46.64564973850464,left,2464528181,4140860993,27.343022641366865,3.238634568190393,0.0,0.0,False,20000,500,True,47.82494818323389,2.0,test_window_complete
untrained,40,A,True,1.0644,25.89007471846916,right,217099339,757584272,28.29538177093426,-0.015316902067637604,0.0,0.0,False,20000,500,True,47.73718385752029,2.0,test_window_complete
untrained,41,A,True,0.8636,21.13660698885238,left,2854290053,938461183,28.24503808074325,-1.5181936734446249,0.0,0.0,False,20000,500,True,47.682776729078995,2.0,test_window_complete
untrained,42,B,True,0.9392,22.845991298920428,right,1780936988,1597814768,27.813826781684956,-7.032458402754906,0.0,0.0,False,20000,500,True,47.69248889474609,2.0,test_window_complete
untrained,43,A,True,1.1061,26.76353762685718,left,2548874142,2736546043,26.251449082554743,-9.730353857793784,0.0,0.0,False,20000,500,True,47.87166822179014,2.0,test_window_complete
untrained,44,B,True,0.8909,21.76285290945031,right,1500232454,847351638,22.90760304708122,-15.377368549165062,0.0,0.0,False,20000,500,True,48.09126882251557,2.0,test_window_complete
untrained,45,B,True,1.314,31.692700762601866,left,4050511488,4088374080,26.61912792016522,8.296909472646208,0.0,0.0,False,20000,500,True,47.54282613801486,2.0,test_window_complete
untrained,46,B,True,0.9031,21.88970675261035,right,1483941859,2032023318,26.35385257517849,-10.605470080873365,0.0,0.0,False,20000,500,True,46.990448011296245,2.0,test_window_complete
untrained,47,A,True,1.9794,46.958379194577844,right,2610777415,3774452839,28.242770395464696,2.6609225373383785,0.0,0.0,False,20000,500,True,47.417322530172115,2.0,test_window_complete
untrained,48,B,True,0.863,21.055777202631162,right,1687153193,3941859182,27.85850905569719,2.1256459200049775,0.0,0.0,False,20000,500,True,47.70084554255352,2.0,test_window_complete
untrained,49,A,True,0.8829,21.437132819193533,left,4256472626,2359745756,27.60079981777553,-7.784431166684152,0.0,0.0,False,20000,500,True,47.72165215475961,2.0,test_window_complete
untrained,50,A,True,1.0651000000000002,25.79248731926154,right,810029155,183887462,27.730093880525587,6.732627659787036,0.0,0.0,False,20000,500,True,47.63039073475798,2.0,test_window_complete
untrained,51,A,True,1.0099,24.546535909863934,left,2437065808,1586801874,27.826866981237455,-7.393841841182653,0.0,0.0,False,20000,500,True,47.88985560195989,2.0,test_window_complete
untrained,52,A,True,1.6853,40.12560722266531,left,2734404935,2155478877,25.618253697105445,-6.315699917579586,0.0,0.0,False,20000,500,True,47.43770309694804,2.0,test_window_complete
untrained,53,B,True,0.8638,21.0857088313056,right,1653911332,1181837043,28.19954958451908,-0.342481796680663,0.0,0.0,False,20000,500,True,47.69202154192341,2.0,test_window_complete
untrained,54,A,True,0.8643000000000001,21.143340404605457,left,2419256353,477937136,28.456462901530944,-2.1096470945060064,0.0,0.0,False,20000,500,True,47.536168123735266,2.0,test_window_complete
untrained,55,A,True,0.8629,21.04984575688568,left,2205596066,2705445927,25.430152877055917,-11.249105538559427,0.0,0.0,False,20000,500,True,47.79312643093653,2.0,test_window_complete
untrained,56,B,True,0.8932,21.808187673146193,left,3997548711,3720484070,27.31812293421959,8.669647700008289,0.0,0.0,False,20000,500,True,47.946555048612844,2.0,test_window_complete
untrained,57,none,False,,47.606078590332366,right,2189215482,2037066374,28.648751964264626,1.205439540577864,0.0,0.0,False,20000,500,True,47.606078590332366,2.0,test_window_complete
untrained,58,B,True,1.4773,35.428045574610465,left,3382950888,382925725,27.578570524247443,6.288805810458164,0.0,0.0,False,20000,500,True,47.77277132128136,2.0,test_window_complete
untrained,59,B,True,0.9692000000000001,23.576393159583773,left,3923657009,3677411938,28.1384599633291,6.356558396350338,0.0,0.0,False,20000,500,True,47.80899645325628,2.0,test_window_complete
untrained,60,A,True,0.8908,21.655405703993104,left,1931603753,3009702932,27.776501803817563,-0.5177631638921961,0.0,0.0,False,20000,500,True,47.573152602564825,2.0,test_window_complete
untrained,61,none,False,,47.52593773513724,left,342178700,3853829455,28.627678138721638,1.1365983674730955,0.0,0.0,False,20000,500,True,47.52593773513724,2.0,test_window_complete
untrained,62,A,True,0.9741000000000001,23.51004000208694,right,431583879,4250290072,26.51043392674787,9.437199475242771,0.0,0.0,False,20000,500,True,47.93540070475907,2.0,test_window_complete
untrained,63,B,True,0.8656,21.1558831514914,right,1019261206,2783005810,27.885553469425833,-7.300790535930381,0.0,0.0,False,20000,500,True,47.71357340523876,2.0,test_window_complete
untrained,64,none,False,,47.50663849281681,right,633580260,3717396649,28.627014159981826,-0.8784931922852045,0.0,0.0,False,20000,500,True,47.50663849281681,2.0,test_window_complete
untrained,65,A,True,0.9028,22.11823697383963,left,1285017917,460685948,26.678221995535658,-8.988784613070965,0.0,0.0,False,20000,500,True,47.805617029974556,2.0,test_window_complete
untrained,66,A,True,0.9363,22.76942648865009,left,357209393,2040244800,26.777402320282608,-9.403568777837766,0.0,0.0,False,20000,500,True,47.79297420287162,2.0,test_window_complete
untrained,67,A,True,1.1892,28.70289880018682,left,3081266677,4281564824,27.69371694003795,-7.073765862058324,0.0,0.0,False,20000,500,True,47.688975965534446,2.0,test_window_complete
untrained,68,A,True,0.8643000000000001,21.126382350003393,right,4164217736,3220846753,26.774369221271535,9.337156373677733,0.0,0.0,False,20000,500,True,47.71609800335798,2.0,test_window_complete
untrained,69,B,True,1.9301000000000001,45.7359555205317,right,2407127211,2140196919,28.435898192503224,-2.9504852954565175,0.0,0.0,False,20000,500,True,47.44898347272038,2.0,test_window_complete
untrained,70,none,False,,47.64761823783456,right,2949261946,630619424,28.758304926828632,1.6530338124301782,0.0,0.0,False,20000,500,True,47.64761823783456,2.0,test_window_complete
untrained,71,B,True,1.0609,25.7521443625307,right,1410856867,2010985768,16.921920655918505,-21.004300478515706,0.0,0.0,False,20000,500,True,47.833305798628096,2.0,test_window_complete
untrained,72,none,False,,47.64850127795851,right,1948380104,3314485792,28.590583187957304,2.372766029957973,0.0,0.0,False,20000,500,True,47.64850127795851,2.0,test_window_complete
untrained,73,A,True,1.5449000000000002,37.04291297563785,right,3748125531,3156192052,26.659732721513624,6.721805453924309,0.0,0.0,False,20000,500,True,47.843653295540854,2.0,test_window_complete
untrained,74,B,True,1.3108,31.45251919130871,left,1258825429,1173678944,27.595358184308232,6.742501768217244,0.0,0.0,False,20000,500,True,47.664229446678284,2.0,test_window_complete
untrained,75,A,True,1.4005,33.59038169131627,right,1654786644,1750723848,27.706443922463944,6.113181907775026,0.0,0.0,False,20000,500,True,47.684298054076066,2.0,test_window_complete
untrained,76,A,True,0.9827,24.025792488204825,right,2923515680,4006249186,28.001715635206736,4.179583445219698,0.0,0.0,False,20000,500,True,47.740670384541644,2.0,test_window_complete
untrained,77,B,True,1.6866,40.329448858451315,right,2627065251,246853019,28.425033306834248,-3.8804055906305908,0.0,0.0,False,20000,500,True,47.72613180441485,2.0,test_window_complete
untrained,78,none,False,,47.5511665993335,right,156219971,2830929686,28.50948106587478,1.627155432800961,0.0,0.0,False,20000,500,True,47.5511665993335,2.0,test_window_complete
untrained,79,A,True,1.3157,31.534953259942917,right,3920855742,1659600606,27.93058953010805,3.620897138909158,0.0,0.0,False,20000,500,True,47.39577902136971,2.0,test_window_complete
untrained,80,B,True,0.8642000000000001,21.154693584595258,right,1346836581,1581982516,28.09083783708527,-6.273864957260368,0.0,0.0,False,20000,500,True,47.67221112216033,2.0,test_window_complete
untrained,81,B,True,0.8709,21.326859182411077,left,2577828533,1653231605,25.08915553536479,12.387893857772646,0.0,0.0,False,20000,500,True,48.02139955341933,2.0,test_window_complete
untrained,82,B,True,0.8973000000000001,21.886363329744086,right,1399857102,2685065995,25.585096686166317,-12.660719418372492,0.0,0.0,False,20000,500,True,47.95851436178763,2.0,test_window_complete
untrained,83,B,True,0.8654000000000001,21.269671632458515,right,3371841148,303289827,26.26618181268114,4.696136232160647,0.0,0.0,False,20000,500,True,47.87551270513098,2.0,test_window_complete
untrained,84,A,True,0.9265,22.569870395861546,left,1979984943,1923460896,27.269557255017098,-3.8802384763637217,0.0,0.0,False,20000,500,True,47.60658962993527,2.0,test_window_complete
untrained,85,B,True,0.9051,22.230618943702947,right,2877266153,253024472,27.142090772533614,-5.201047239845215,0.0,0.0,False,20000,500,True,47.69616647468856,2.0,test_window_complete
untrained,86,B,True,0.8609,21.065539793886586,right,645027901,2801573963,26.037107839793435,1.504997314294969,0.0,0.0,False,20000,500,True,47.72796388958336,2.0,test_window_complete
untrained,87,B,True,1.0201,24.838355963683263,right,430460686,1988065083,24.95019796097356,-11.632544398298295,0.0,0.0,False,20000,500,True,48.055603706283435,2.0,test_window_complete
untrained,88,none,False,,47.7247483011886,left,1282925197,1836817998,28.30528029121329,-2.240718568056176,0.0,0.0,False,20000,500,True,47.7247483011886,2.0,test_window_complete
untrained,89,B,True,1.2754,30.64660496757706,right,3094804522,4119694259,28.389251028237652,-4.424560648324512,0.0,0.0,False,20000,500,True,47.52785604758413,2.0,test_window_complete
untrained,90,B,True,1.7665000000000002,42.19678854914514,right,267806451,3553534755,27.605676549281288,-3.9747638648365684,0.0,0.0,False,20000,500,True,47.823458651925606,2.0,test_window_complete
untrained,91,A,True,1.0638,25.799781816314734,right,2672562399,1976703175,24.88872899000944,10.8790641426484,0.0,0.0,False,20000,500,True,47.84020860983362,2.0,test_window_complete
untrained,92,A,True,0.8696,21.332763374793913,left,2974841040,1762410338,28.34163670850844,-4.467062342151774,0.0,0.0,False,20000,500,True,47.715703334049074,2.0,test_window_complete
untrained,93,A,True,0.8919,21.76303138564932,left,2908457699,2868007414,27.674974390488753,-2.161302538558509,0.0,0.0,False,20000,500,True,47.62078879840373,2.0,test_window_complete
untrained,94,B,True,0.9773000000000001,23.824965027170517,left,1186022108,1707064502,23.874140349221296,12.898493377678596,0.0,0.0,False,20000,500,True,47.80670417451361,2.0,test_window_complete
untrained,95,none,False,,47.47765718043028,left,307036908,2757966377,28.51599218209869,0.1945759168939359,0.0,0.0,False,20000,500,True,47.47765718043028,2.0,test_window_complete
untrained,96,none,False,,47.6366588647075,right,3800294060,1357131858,28.799763375557333,1.7698063984360795,0.0,0.0,False,20000,500,True,47.6366588647075,2.0,test_window_complete
untrained,97,A,True,1.0251000000000001,24.88161496331709,left,3149546730,3168618729,28.44454855257457,-1.7050269788607533,0.0,0.0,False,20000,500,True,47.43263286826021,2.0,test_window_complete
untrained,98,B,True,1.2751000000000001,30.686597472488177,right,3662155908,865669431,28.526700850052187,-2.6339393931436845,0.0,0.0,False,20000,500,True,47.50029567673944,2.0,test_window_complete
untrained,99,B,True,1.1780000000000002,28.35523457688049,right,3823119690,3043028829,27.93367875499739,-6.384019549581418,0.0,0.0,False,20000,500,True,47.68075529624,2.0,test_window_complete
